gene_id,rep_symbol,ncbi_symbol,prot_id
GeneID:100379834,polr1h,znrd1,XP_004913117.2
GeneID:100489483,btnl10.2,LOC100489483,XP_017945634.1
GeneID:100037880,c9h2orf76,c2orf76,XP_031748293.1
GeneID:100488346,atp2b4,LOC100488346,XP_031752718.1
GeneID:100491184,c4h11orf24,c11orf24,XP_002941685.2
GeneID:779825,entrep2,fam189a1,XP_031753914.1
GeneID:779667,trnau1ap,trnau1apl1,XP_031761024.1
GeneID:549814,pals2,mpp6,XP_012820224.1
GeneID:100101678,c2h2orf49,c2orf49,XP_002941199.2
GeneID:733876,rbm12b,rbm12b.1,NP_001039079.1
GeneID:100145576,rchy1l,LOC100145576,XP_002934602.3
GeneID:100492224,c6h8orf34,c8orf34,XP_002935369.2
GeneID:100486324,c8h14orf39,c14orf39,XP_031748214.1
GeneID:100486069,scrt1,scrt2,XP_031760336.1
GeneID:105946605,smim11,smim11a,XP_012813461.2
GeneID:448183,g6pc1.3,g6pc.3,NP_001005682.1
GeneID:100485318,ntmt2,mettl11b,XP_002933831.1
GeneID:779812,susd4,tlr5,NP_001072359.1
GeneID:448521,c8h19orf47,c19orf47,NP_001005016.1
GeneID:100486093,nfil3l,LOC100486093,XP_031755302.1
GeneID:100145423,msra,msra.1,XP_031758941.1
GeneID:100496212,KIAA1217,kiaa1217,XP_004915492.1
GeneID:493450,surf4,surf4.1,NP_001008088.2
GeneID:496456,kdelr1,kdelr2,NP_001011046.1
GeneID:100379822,ntaq1,wdyhv1,XP_002941442.1
GeneID:100170454,c2h21orf91,c21orf91,XP_012811990.2
GeneID:100494621,XB5897271,LOC100494621,XP_031747701.1
GeneID:3283503,mt-nd6,ND6,YP_203381.1
GeneID:100497956,katnip,kiaa0556,XP_002938330.1
GeneID:100492035,c10h17orf75,c17orf75,XP_031750151.1
GeneID:100158547,skic3,ttc37,XP_031751777.1
GeneID:100487453,mttp,mttp.1,XP_002934813.2
GeneID:100497492,prss57,LOC100497492,XP_002937430.1
GeneID:105945198,ifn4,LOC105945198,XP_012808078.1
GeneID:100379787,KIAA0753,kiaa0753,XP_002933591.2
GeneID:100497374,ripk3,LOC100497374,XP_031747312.1
GeneID:394493,st3gal8,st3gal2.2,XP_012827033.1
GeneID:496550,ocm4,ocm4.1,NP_001011134.1
GeneID:100487911,or52p1,or52p1l100487911,XP_031753265.1
GeneID:100489554,shisa1,shisa1.1,XP_004915811.1
GeneID:550017,slc66a2,slc66a2.1,XP_017950163.1
GeneID:100490895,abtb3,btbd11,XP_002938736.2
GeneID:100036700,c2h1orf116,c1orf116,XP_012811630.1
GeneID:100489834,c9h21orf58,LOC100489834,XP_031748996.1
GeneID:116406581,mhc1-uba3,LOC116406581,XP_031746687.1
GeneID:100495647,bdh1a,bdh1,XP_002937878.1
GeneID:733509,c2h1orf109,c1orf109,NP_001037904.1
GeneID:100492351,v2ra26,rgd1566381,XP_031747636.1
GeneID:779868,c5h6orf118,c6orf118,NP_001072414.1
GeneID:595020,qng1,c9orf64,XP_017952627.2
GeneID:100216283,cmah,cmahp,XP_012820838.2
GeneID:100490948,tasl,cxorf21,XP_031752862.1
GeneID:100498278,stat3,stat3.1,XP_031750542.1
GeneID:100379878,elapor2,kiaa1324l,XP_002935291.2
GeneID:100494392,bltp2,kiaa0100,XP_004911691.2
GeneID:100486925,ldaf1,tmem159,XP_004918044.2
GeneID:779844,fbxl17,MGC147136,NP_001072390.1
GeneID:779825,entrep2,fam189a1,NP_001072372.1
GeneID:496767,prtn3-like.2,LOC496767,XP_002940708.1
GeneID:100379869,zftraf1,cyhr1,XP_002941828.2
GeneID:100498493,tlr12,LOC100498493,XP_002941870.2
GeneID:100124875,bmal2,arntl2,NP_001096298.1
GeneID:100485616,c1h22orf39,c22orf39,XP_004910632.1
GeneID:100490922,cep20,fopnl,XP_004918017.2
GeneID:100490301,btbd8,KIAA1107,XP_012817894.2
GeneID:549419,c7h1orf50,c1orf50,XP_012822071.1
GeneID:548853,c6h7orf25,c7orf25,XP_031759234.1
GeneID:613072,MGC108380,mgc108380,NP_001027480.1
GeneID:779811,c3h5orf24,c5orf24,NP_001072358.1
GeneID:100493997,icos,LOC100493997,XP_031749766.1
GeneID:100145237,odad3,ccdc151,XP_004918954.1
GeneID:496837,ptgr3,zadh2,NP_001011370.1
GeneID:101731820,abcf2,LOC101731820,XP_031759861.1
GeneID:548950,rnf220,rnf220.1,NP_001016196.1
GeneID:100488227,cyp4b1.5,LOC100488227,XP_031756807.1
GeneID:100145237,odad3,ccdc151,XP_002939159.2
GeneID:394917,tpm3,MGC76092,XP_031746147.1
GeneID:100490896,azgp1,LOC100490896,XP_031747754.1
GeneID:100170590,dact4,LOC100170590,NP_001123834.1
GeneID:549635,tbc1d20,tbc1d20.1,NP_001016881.1
GeneID:100302393,rcvrn,rcvrn.1,XP_002937040.1
GeneID:100216245,fam172b,LOC100216245,XP_017947110.1
GeneID:100485578,c2h1orf94,c1orf94,XP_031752780.1
GeneID:100489129,ouro2,LOC100489129,XP_031759652.1
GeneID:100145777,c2hxorf38,cxorf38,NP_001120614.1
GeneID:100379891,rusf1,c16orf58,XP_031748696.1
GeneID:100496420,opnpl,pinopsin100496420,XP_002934391.1
GeneID:733955,c1h19orf25,c19orf25,XP_031757117.1
GeneID:100494087,mypop2,xbg100494087,XP_031757828.1
GeneID:100135386,coa3,ccdc56,NP_001165768.1
GeneID:100495207,rigi,ddx58,XP_031746242.1
GeneID:3283492,mt-nd1,ND1,YP_203370.1
GeneID:549532,clxn,efcab1,NP_001016778.1
GeneID:733757,c5h1orf131,c1orf131,XP_002931536.1
GeneID:100488966,irag1,mrvi1,XP_031756256.1
GeneID:394516,c7h12orf57,c12orf57,XP_031760778.1
GeneID:100490287,matcap1,kiaa0895l,XP_002931695.2
GeneID:100497697,KIAA1549L,kiaa1549l,XP_017948779.1
GeneID:101731645,c7h10orf90,c10orf90,XP_031762462.1
GeneID:101732513,relt,LOC101732513,XP_031753235.1
GeneID:100494160,c7h11orf1,c11orf1,XP_031761829.1
GeneID:100124839,c4h3orf49,c3orf49,NP_001096274.1
GeneID:100379941,c1h19orf44,c19orf44,XP_002942254.1
GeneID:779635,c3h17orf49,c17orf49,NP_001072189.1
GeneID:496835,polr1d.1,LOC496835,NP_001011368.1
GeneID:100487430,tgfbr2l,tgfbr2.2,XP_031749455.1
GeneID:100379837,spata18a,LOC100379837,XP_004912624.1
GeneID:594885,myg1,c12orf10,NP_001034831.1
GeneID:496754,mogat2,mogat2.1,NP_001011301.1
GeneID:105945493,nxpe3l,nxpe3l.1,XP_031760475.1
GeneID:100497251,spata18b,spata18.2,XP_002933150.1
GeneID:594991,pgc-like.1,LOC594991,NP_001025603.1
GeneID:116409763,cspg4,LOC116409763,XP_031754994.1
GeneID:493230,adissp,c20orf27,XP_031754216.1
GeneID:100488893,c3h5orf15,c5orf15,XP_002935949.3
GeneID:100496176,mhc1-uba7.2,LOC100496176,XP_012808700.1
GeneID:108646275,c3h12orf42,c12orf42,XP_031754062.1
GeneID:100125003,ift56,ttc26,NP_001096401.1
GeneID:100124898,dusp29,dupd1,XP_012821347.1
GeneID:779739,ccnp,cntd2,NP_001072286.1
GeneID:100487553,b3galt9,b3gnt10,XP_002935272.1
GeneID:100125003,ift56,ttc26,XP_031755605.1
GeneID:100496145,c5h3orf80,c3orf80,XP_004914491.1
GeneID:100489483,btnl10.2,LOC100489483,XP_002941024.2
GeneID:594885,myg1,c12orf10,XP_012812520.1
GeneID:548688,tuba5,tuba3c,XP_031751797.1
GeneID:100487890,gprc6a.2,LOC100487890,XP_002938346.1
GeneID:100493598,c6h8orf88,c8orf88,XP_031759987.1
GeneID:100486626,cibar2,fam92b,XP_004913655.1
GeneID:100485706,tlr22,LOC100485706,XP_002942581.2
GeneID:100216113,lamtor3l,lamtor3-like,NP_001135566.1
GeneID:100145065,wdr88l,LOC100145065,XP_031750890.1
GeneID:100492381,hepacam2l,ig100492381,XP_002936341.1
GeneID:108644442,c9h2orf80,c2orf80,XP_017953126.1
GeneID:100498583,c5h2orf72,c2orf72,XP_002937397.3
GeneID:100145154,zng1a,cbwd1.1,NP_001120128.1
GeneID:100492150,st3gal2,st3gal2.1,XP_004914107.1
GeneID:733951,mettl25b,rrnad1,NP_001039128.1
GeneID:100486806,gpr83.2,LOC100486806,XP_002939760.1
GeneID:100145634,c4h1orf112,c1orf112,XP_031755717.1
GeneID:101731566,znf783,LOC101731566,XP_031760195.1
GeneID:100145274,gtsf2,LOC100145274,NP_001120225.1
GeneID:100494057,flacc1,flacc,XP_012826749.2
GeneID:100124983,mgat4a,mgat4b,NP_001096384.1
GeneID:100488078,cyp4b1.4,LOC100488078,XP_012817051.1
GeneID:733505,c1h18orf32,c18orf32,NP_001037901.1
GeneID:779604,c7h1orf174,c1orf174,XP_012822180.1
GeneID:100144991,cel.1,cel,NP_001120027.1
GeneID:549281,c9h2orf69,c2orf69,XP_012825886.1
GeneID:779667,trnau1ap,trnau1apl1,NP_001072220.1
GeneID:493230,adissp,c20orf27,NP_001007504.1
GeneID:549220,tafazzin,taz,XP_017945534.1
GeneID:100379842,guca1bl,LOC100379842,XP_004913416.1
GeneID:100488924,c1h2orf81,c2orf81,XP_031751069.1
GeneID:100216282,rhog2,rhogl,XP_012823579.1
GeneID:100485773,cupin1,LOC100485773,NP_001358752.1
GeneID:100496685,inpp1b,LOC100496685,XP_031746720.1
GeneID:100495112,KIAA1755,kiaa1755,XP_031750347.1
GeneID:100490936,tecta,tecta.1,XP_031762080.1
GeneID:100135355,styxl2,dusp27,XP_031752312.1
GeneID:100145673,cspg4b,cspg4,XP_002941158.3
GeneID:100489485,cyren,LOC100489485,XP_002941474.3
GeneID:101733245,trim39l,trim39l.1,XP_031753297.1
GeneID:100494130,mhc1-uba5,LOC100494130,XP_004918993.1
GeneID:100496024,mhc1-uba14,LOC100496024,XP_031747684.1
GeneID:548447,pnmt.2,MGC107884,XP_012818404.1
GeneID:100145774,noxo1.2,noxo1.1,XP_012826154.1
GeneID:779641,tmt1a,mettl7a,NP_001072195.1
GeneID:548419,atosa,fam214a,NP_001015702.1
GeneID:100271753,scppa2,LOC100271753,XP_017946990.1
GeneID:549532,clxn,efcab1,XP_012820182.1
GeneID:100491983,kcnh2,kcnh6,XP_031759590.1
GeneID:100485010,cfap20dc,c3orf67,XP_002935092.3
GeneID:100492872,marco,LOC100492872,XP_031749382.1
GeneID:100491139,trim2l,trpm2l,XP_031753324.1
GeneID:100380143,uqcc6,c12orf73,XP_004912957.2
GeneID:100135414,lhfpl7,tmem211,NP_001107546.1
GeneID:101732884,dynlt4,tctex1d4,XP_004914041.2
GeneID:100496651,LOC100496651,homeobox100496651-provisional,XP_002941810.1
GeneID:549100,c2h11orf54,c11orf54,XP_012812414.1
GeneID:100494289,prss8l.5,prss8l100494289,XP_002939739.1
GeneID:100495336,mhc2-dma,mhc2a,XP_017952074.2
GeneID:733821,c7h1orf159,c1orf159,XP_031760997.1
GeneID:100496334,KIAA0408,kiaa0408,XP_002940435.2
GeneID:100144997,actmap,c19orf54,XP_012823439.1
GeneID:116410361,ncr3lg1l.2,LOC116410361,XP_031756549.1
GeneID:100494799,bpi5,LOC100494799,XP_031750704.1
GeneID:733522,c2h3orf38,c3orf38,NP_001037913.1
GeneID:100485875,polr1g,cd3eap,XP_002932650.2
GeneID:100170467,KIAA1958,kiaa1958,XP_012812459.1
GeneID:100145005,mhc1-uba7.3,mr1,XP_002940116.1
GeneID:100485201,tlr14.3,LOC100485201,XP_004920453.1
GeneID:549220,tafazzin,taz,XP_017945535.1
GeneID:116406481,mhc1-uba2.1,LOC116406481,XP_031747683.1
GeneID:100135183,slc15al,slc51a-like.1,XP_031751517.1
GeneID:105946662,dmd,dmd.3,XP_031752861.1
GeneID:100496985,mtss2,mtss1l,XP_031756693.1
GeneID:100379770,sanbr,kiaa1841,XP_002939550.1
GeneID:780261,mtss1,mtss1.1,NP_001072800.1
GeneID:734092,zmcm3,LOC734092,NP_001039231.1
GeneID:549512,cep43,fgfr1op,XP_017949380.1
GeneID:100494419,cyp3a4.1,cyp3a4.2,XP_002943949.2
GeneID:100145612,KIAA1328,kiaa1328,XP_031750801.1
GeneID:100495513,c3h2orf68,c2orf68,XP_004912613.1
GeneID:549318,hapstr1,c16orf72,XP_031748530.1
GeneID:100145507,acd,LOC100145507,NP_001120423.1
GeneID:101730350,tdh,LOC101730350,XP_004915001.2
GeneID:100489586,slc22a20,slc22a20p.1,XP_004913725.1
GeneID:496693,gstt1-like.2,LOC496693,XP_031748213.1
GeneID:394444,zp3,LOC394444,NP_988853.1
GeneID:100491070,cd4,LOC100491070,XP_031762584.1
GeneID:100488107,taar3,taar3p,XP_004914927.3
GeneID:100498204,znf585bl,LOC100498204,XP_002934624.3
GeneID:100145076,odad4,ttc25,XP_031750580.1
GeneID:394904,glul-like.1,LOC394904,NP_001363841.1
GeneID:779949,odad2,armc4,XP_012820357.1
GeneID:780214,hycc1,fam126a,XP_012820388.2
GeneID:394635,phb1,phb,XP_031749871.1
GeneID:100124813,KIAA2013,kiaa2013,NP_001096252.1
GeneID:100127753,g6pc1.2,g6pc.2,NP_001106559.1
GeneID:780237,c2h11orf87,c11orf87,NP_001072777.1
GeneID:550042,pabir2,fam122b,NP_001017288.1
GeneID:3283502,mt-nd5,ND5,YP_203380.1
GeneID:448344,c5h6orf120,c6orf120,XP_012818339.1
GeneID:100145508,mhc2-dab,LOC100145508,XP_031746074.1
GeneID:100380021,c1h14orf93,c14orf93,XP_002941559.2
GeneID:100493854,mgat2l,LOC100493854,XP_002943577.2
GeneID:3283501,mt-nd4,ND4,YP_203379.1
GeneID:100491954,c1h4orf48,c4orf48,XP_002936806.1
GeneID:105945150,morc3.2,LOC105945150,XP_017947274.2
GeneID:101733879,ap5z1,LOC101733879,XP_031760008.1
GeneID:100145045,mapk12l,LOC100145045,XP_002938433.1
GeneID:100485875,polr1g,cd3eap,XP_002932651.1
GeneID:100170567,dnai7,casc1,XP_031753540.1
GeneID:100135111,gatd3,gatd3a,XP_002936364.2
GeneID:100127618,c2hxorf58,cxorf58,XP_031752061.1
GeneID:394505,slc5a8,slc5a8.1,NP_001351880.1
GeneID:496458,rab11b,rab11b.1,NP_001011048.1
GeneID:100487803,atosb,fam214b,XP_031750827.1
GeneID:100145324,stra6l,stra6l.1,XP_012811398.1
GeneID:779811,c3h5orf24,c5orf24,XP_031753886.1
GeneID:100489375,prph2l,LOC100489375,XP_002941129.2
GeneID:548842,golm2,casc4,NP_001016088.1
GeneID:100495225,mhc1-uba16.1,LOC100495225,XP_031746689.1
GeneID:100489356,fbxl21,fbxl21p,XP_004912831.1
GeneID:100038207,skic2,skiv2l,XP_031748247.1
GeneID:100492075,mmp21l,LOC100492075,XP_002939653.2
GeneID:100492422,ttll13,ttll13p,XP_031755079.1
GeneID:100379825,ltc4s,ltc4s.1,XP_031754529.1
GeneID:549243,cdin1,c15orf41,XP_031746313.1
GeneID:549116,c1h4orf33,c4orf33.1,XP_031755707.1
GeneID:100494115,phaf1,c16orf70,XP_002937213.1
GeneID:100486518,nalf1,fam155a,XP_031752903.1
GeneID:100145594,mgat4d,mgat4a,NP_001120478.1
GeneID:100493155,c1h22orf15,c22orf15,XP_002931937.2
GeneID:101732837,zscan30,LOC101732837,XP_031760191.1
GeneID:100145513,dnai3,wdr63,XP_031755713.1
GeneID:116406634,cyp2a6.13,LOC116406634,XP_031746917.1
GeneID:100379859,c5h2orf50,c2orf50,XP_002942226.1
GeneID:733963,mettl13,eef1aknmt,NP_001107964.1
GeneID:448278,c4h19orf12,c19orf12,XP_031755862.1
GeneID:100489322,mgat4b,LOC100489322,XP_017948291.1
GeneID:100145417,KIAA1191,kiaa1191,NP_001120350.1
GeneID:548688,tuba5,tuba3c,NP_001015934.1
GeneID:100491211,LOC100491211,fucolectinloc100491211,XP_031759895.1
GeneID:100490493,ripk3l.2,ripk3.2,XP_002937800.1
GeneID:100125120,prpf39,prpf39.1,XP_012823347.1
GeneID:549428,c4h11orf58,c11orf58,NP_001016674.1
GeneID:100485546,slc7a2,slc7a2.1,XP_031751282.1
GeneID:100488372,c8h19orf33,c19orf33,XP_017952452.2
GeneID:100486760,pkhd1l1,pkhd1l1.1,XP_031759978.1
GeneID:395012,kdelr2,kdelr1,NP_989381.1
GeneID:100498234,cxcl8b.2,LOC100498234,XP_002942576.1
GeneID:100491461,prss27.3,LOC100491461,XP_002939724.1
GeneID:100491983,kcnh2,kcnh6,XP_031759591.1
GeneID:394909,pabir3,fam122c,XP_012823621.1
GeneID:733913,c8h9orf78,c9orf78,NP_001165770.1
GeneID:448339,adss1,adssl1,NP_001004939.1
GeneID:447976,mhc1-uba13.2,mhc1b2,NP_001234924.1
GeneID:100485377,c7h10orf53,c10orf53,XP_004916018.2
GeneID:100487440,b3galt2,LOC100487440,XP_002932191.1
GeneID:100498058,prorsd1,prorsd1p,XP_002936965.1
GeneID:100496636,c3h15orf39,c15orf39,XP_031755005.1
GeneID:108647650,fshr,LOC108647650,XP_017949625.2
GeneID:100485866,wfdc8l,xbg100485866,XP_002944360.2
GeneID:100037865,pou4f4,pou4f1.2,NP_001090776.1
GeneID:733825,c7h8orf76,c8orf76,NP_001039049.1
GeneID:100486065,mtnr1al,LOC100486065,XP_012809776.1
GeneID:100497843,KIAA0319,kiaa0319,XP_017950340.2
GeneID:100493594,ptprvl,LOC100493594,XP_002933047.2
GeneID:549363,c6h1orf35,c1orf35,XP_012820165.1
GeneID:100496607,vn2r1,vn2r1p,XP_012818896.1
GeneID:100495977,c4h11orf96,c11orf96,XP_002937347.1
GeneID:448677,MGC89871,LOC448677,XP_012818353.1
GeneID:100496639,mhc1-uba7.6,LOC100496639,XP_031747685.1
GeneID:549435,c1h9orf85,c9orf85,NP_001016681.1
GeneID:100488302,KIAA1456L,kiaa1456l,XP_002934720.2
GeneID:100496955,XB22169526,xbg100496955,XP_002937980.1
GeneID:496621,c8h6orf136,c6orf136,NP_001011197.2
GeneID:496702,zng1b,cbwd2,XP_012816480.1
GeneID:394917,tpm3,MGC76092,XP_031746146.1
GeneID:100497076,v2ra1,LOC100497076,XP_031747659.1
GeneID:100490935,c2h11orf65,c11orf65,XP_031753173.1
GeneID:100491775,slc35a3,slc35a3.1,XP_002934206.1
GeneID:549525,eeig2,fam102b,NP_001016771.1
GeneID:100487300,entrep1,fam189a2,XP_002935642.3
GeneID:100496521,top1,top1.1,XP_002932918.2
GeneID:100496408,mstn,mstn.1,XP_002931568.1
GeneID:100170445,slc66a1l,pqlc2l,NP_001123690.1
GeneID:448510,slc22a15,slc22a15.1,XP_031751724.1
GeneID:779953,zfyve28a,zfyve28,XP_017949979.1
GeneID:101731191,cd274,LOC101731191,XP_017946448.2
GeneID:100485682,cfap95,c9orf135,XP_002935633.1
GeneID:100496715,neu3,neu3.1,NP_001297034.1
GeneID:100127880,dnaaf6,pih1d3,XP_017952290.1
GeneID:101734452,mtrfr,c1h12orf65,XP_012824508.2
GeneID:100038139,tdgf1,tdgf1.1,XP_031752496.1
GeneID:100145274,gtsf2,LOC100145274,XP_017946579.1
GeneID:100496380,dync2i1,wdr60,XP_002935224.3
GeneID:496505,c6h5orf22,c5orf22,XP_031759192.1
GeneID:100170569,mhc1-uba15,ncib,XP_017952001.2
GeneID:100492198,vmn2r26,LOC100492198,XP_002942711.3
GeneID:100037837,myof,myof.1,XP_031760540.1
GeneID:100170423,c6h7orf57,c7orf57,NP_001123673.1
GeneID:549814,pals2,mpp6,NP_001017060.1
GeneID:448677,MGC89871,LOC448677,NP_001005099.1
GeneID:100488220,or52l1l,or52l1l100488220,XP_002942418.1
GeneID:100135142,timp1,timp-1,NP_001107329.1
GeneID:3283500,mt-nd4l,ND4L,YP_203378.1
GeneID:100485121,kcnh6,kcnh2,XP_017944810.2
GeneID:105948375,sprtnl.3,LOC105948375,XP_012826153.2
GeneID:100135412,matcap2,kiaa0895,NP_001107545.1
GeneID:100497446,mhc1-uba13.4,LOC100497446,XP_004918996.1
GeneID:100498076,pou5f3,pou5f3.1,NP_001272403.1
GeneID:549097,polr2l,polr2l.1,XP_012816538.1
GeneID:733509,c2h1orf109,c1orf109,XP_012812577.1
GeneID:493240,c3h12orf4,c12orf4,XP_012814318.1
GeneID:394680,gfus,tsta3,NP_001032328.1
GeneID:100145076,odad4,ttc25,XP_002939085.2
GeneID:100495081,mhc1-uba13.5,LOC100495081,XP_002940108.1
GeneID:100492554,htr3a.2,LOC100492554,XP_031762367.1
GeneID:100494814,cmklr2,gpr1,XP_031749290.1
GeneID:448423,nherf1,slc9a3r1,NP_001006751.1
GeneID:100489322,mgat4b,LOC100489322,XP_002941843.2
GeneID:100496847,wdcp.2,LOC100496847,XP_017949975.2
GeneID:100379819,c1h4orf47,c4orf47,XP_002934310.1
GeneID:100494930,mhc1-uba13.3,LOC100494930,XP_004918997.1
GeneID:548713,c4h1orf52,c1orf52,NP_001015959.1
GeneID:3283504,mt-cyb,CYTB,YP_203382.1
GeneID:100127180,slc6a14,slc6a14.1,XP_002939712.3
GeneID:780158,tbc1d24,tbc1d24.1,NP_001072701.1
GeneID:594905,cyp27a1.3,LOC594905,XP_002934001.3
GeneID:100496647,tlr5,LOC100496647,XP_002940742.3
GeneID:105945848,moxd2,LOC105945848,XP_012810196.2
GeneID:549243,cdin1,c15orf41,XP_012823871.1
GeneID:3283496,mt-atp8,ATP8,YP_203374.1
GeneID:100496772,dynlt2b,tctex1d2,XP_002934090.1
GeneID:100489736,nherf4,pdzd3,XP_002935063.2
GeneID:100492104,c9h16orf71,c16orf71,XP_002932503.3
GeneID:100497751,pebp1,pebp1.1,XP_002938131.1
GeneID:100493954,mhc1-uba7.4,LOC100493954,XP_012808707.1
GeneID:100490937,tex49,LOC100490937,XP_002935150.2
GeneID:100487874,or5f1l1,or5f1l1.1,XP_002933756.5
GeneID:548848,42sp43,42Sp43,NP_001016094.1
GeneID:100487064,lrfn1,lrfn1.1,XP_031747458.1
GeneID:548975,mcm6.2,mcm6,NP_001016221.1
GeneID:100496985,mtss2,mtss1l,XP_002931733.1
GeneID:100490531,pcbp1,LOC100490531,XP_004917958.1
GeneID:493330,scamp5,scamp5.1,XP_012821920.1
GeneID:116408030,bpil,LOC116408030,XP_031750616.1
GeneID:550107,dtx3-like,LOC550107,XP_012823954.2
GeneID:100487155,trim69,trim69.1,XP_002937994.2
GeneID:100485066,c4h22orf23,c22orf23,XP_031756946.1
GeneID:100127727,mhc2-daa,hla-dqa1,NP_001106538.1
GeneID:548996,mix23,ccdc58,NP_001016242.1
GeneID:100124919,nalf2,fam155b,NP_001096333.1
GeneID:100127694,dnai4,wdr78,NP_001106504.1
GeneID:448510,slc22a15,slc22a15.1,XP_031751719.1
GeneID:100379842,guca1bl,LOC100379842,XP_002934113.2
GeneID:100487410,sirt3,sirt3.1,XP_012817602.2
GeneID:548759,KIAA1143,kiaa1143,XP_031759231.1
GeneID:100493287,hycc2,fam126b,XP_031749474.1
GeneID:100495703,mhc1-uba1.2,LOC100495703,XP_002940112.2
GeneID:100135163,banf2,baf-l,XP_012818141.2
GeneID:100145154,zng1a,cbwd1.1,XP_031750968.1
GeneID:100498389,cxcl8a.2,LOC100498389,XP_002942577.1
GeneID:100497009,tlr21,LOC100497009,XP_002936443.3
GeneID:100124841,pmt,pmt100124841,NP_001096276.2
GeneID:549903,cetn2,cetn1,NP_001017149.1
GeneID:100495183,mhc2-dmb,LOC100495183,XP_002942059.2
GeneID:100486088,tgm3l,tgm3l.1,XP_031750711.1
GeneID:100497919,npdc1,npdc1.1,XP_031747009.1
GeneID:100037912,macir,c5orf30,XP_012813388.1
GeneID:100124898,dusp29,dupd1,NP_001153481.1
GeneID:100145333,c6h6orf62,c6orf62,NP_001120278.1
GeneID:549016,c1h9orf72,c9orf72,XP_012817590.1
GeneID:116406635,cyp2a6.11,LOC116406635,XP_031746919.1
GeneID:100379673,ankrd26,ankrd7,XP_031754833.1
GeneID:100497814,c10h20orf85,c20orf85,XP_031750080.1
GeneID:100486917,tex12,urpta-1,XP_017951530.1
GeneID:105946662,dmd,dmd.3,XP_031752860.1
GeneID:100145156,pals1,mpp5,XP_002937246.1
GeneID:100170576,KIAA1210,kiaa1210,XP_031746109.1
GeneID:100135200,KIAA0930,kiaa0930,NP_001107374.1
GeneID:779969,fhip2b,fam160b2,XP_031753929.1
GeneID:100494087,mypop2,xbg100494087,XP_031757826.1
GeneID:780339,rasef,LOC780339,NP_001072877.1
GeneID:100489718,mgat4g,LOC100489718,XP_031756276.1
GeneID:100500921,c2h3orf52,c3orf52,XP_004910703.1
GeneID:100127600,slx9,fam207a,XP_017952519.1
GeneID:100037837,myof,myof.1,NP_001122123.1
GeneID:733751,cnfn.3,LOC733751,NP_001037972.1
GeneID:100489423,tlrs5,LOC100489423,XP_002937550.2
GeneID:100497074,c3h19orf53,c19orf53,XP_002941056.1
GeneID:779953,zfyve28a,zfyve28,NP_001072498.1
GeneID:100486700,or6b1l.5,LOC100486700,XP_002941614.1
GeneID:100490301,btbd8,KIAA1107,XP_002933841.3
GeneID:100158647,trappc14,map11,NP_001121523.1
GeneID:595014,pglyrp1l,pglyrp1-like.1,XP_031746351.1
GeneID:733730,KIAA2026,kiaa2026,XP_012808161.2
GeneID:733760,ift25,hspb11,XP_012816704.1
GeneID:100124826,yju2b,ccdc130,XP_031753396.1
GeneID:100489846,hars1,hars,XP_031754604.1
GeneID:100485688,xicof6.1l,LOC100485688,XP_031746789.1
GeneID:100489350,c5h1orf198,c1orf198,XP_002934507.2
GeneID:116406634,cyp2a6.13,LOC116406634,XP_031746918.1
GeneID:100486222,casp3,casp3.1,XP_031751294.1
GeneID:100379934,rasefl,rasef,XP_002932289.1
GeneID:394985,dnaaf11,lrrc6,NP_001032332.1
GeneID:496924,42sp50,42Sp50,NP_001011438.1
GeneID:394466,skic8,wdr61,NP_988871.1
GeneID:101734214,nat2,LOC101734214,XP_004915070.1
GeneID:100492912,zfta,c11orf95,XP_004919231.1
GeneID:3283498,mt-co3,COX3,YP_203376.1
GeneID:3283494,mt-cox1,COX1,YP_203372.1
GeneID:100493957,cfap119,ccdc189,XP_002940629.2
GeneID:100493529,syt2,LOC100493529,XP_004910776.1
GeneID:116410227,ncr3lg1l,LOC116410227,XP_031756209.1
GeneID:100135155,cibar1,fam92a,NP_001107335.1
GeneID:100491922,septinl,xbg100491922,XP_031759966.1
GeneID:101731925,XB22064859,LOC101731925,XP_004918480.1
GeneID:548996,mix23,ccdc58,XP_031751826.1
GeneID:780109,c4h1orf21,c1orf21,NP_001072652.1
GeneID:549116,c1h4orf33,c4orf33.1,NP_001016362.1
GeneID:101730484,rarres2,LOC101730484,XP_017945454.1
GeneID:100379837,spata18a,LOC100379837,XP_002932621.2
GeneID:101731874,tmprss2,tmprss2.1,XP_004912265.1
GeneID:100145277,as3mt.1,LOC100145277,NP_001120227.1
GeneID:113455423,mhc1-uba13.1,LOC113455423,NP_001353601.1
GeneID:100488454,c3h15orf61,c15orf61,XP_004912648.2
GeneID:100170465,bltp3b,uhrf1bp1l,NP_001123719.1
GeneID:100498255,KIAA0825,kiaa0825,XP_002933482.3
GeneID:394609,mob2,mob2.1,XP_012816180.1
GeneID:549683,c1h14orf119,c14orf119,NP_001016929.1
GeneID:100490177,cfap54,c12orf63,XP_012815326.2
GeneID:105948278,meiosin,bhmg1,XP_012825164.1
GeneID:100488966,irag1,mrvi1,XP_017945424.1
GeneID:100488132,fxyd7,LOC100488132,XP_031762120.1
GeneID:100216185,camkvl,LOC100216185,NP_001135626.1
GeneID:548722,h2ax.2,h2afx.2,NP_001015968.1
GeneID:100380129,c10h17orf80,c17orf80,XP_031750501.1
GeneID:394763,myl11,mylpf,NP_989158.1
GeneID:100490531,pcbp1,LOC100490531,XP_012826832.1
GeneID:100551495,peds1,tmem189,NP_001192034.1
GeneID:100125149,dnaaf10,wdr92,NP_001096516.1
GeneID:100489713,cfap418,c8orf37,XP_002931575.2
GeneID:100125175,fhip2a,fam160b1,XP_031760629.1
GeneID:100497057,cfap210,ccdc173,XP_002934659.3
GeneID:779649,bltp1,kiaa1109,NP_001072203.1
GeneID:100491139,trim2l,trpm2l,XP_031753325.1
GeneID:100158647,trappc14,map11,XP_031753536.1
GeneID:733522,c2h3orf38,c3orf38,XP_017946806.1
GeneID:779969,fhip2b,fam160b2,NP_001072514.1
GeneID:100489955,avpr2c,avpr2.2,XP_002932869.2
GeneID:100494057,flacc1,flacc,XP_012826748.2
GeneID:100038207,skic2,skiv2l,XP_002943020.1
GeneID:100135155,cibar1,fam92a,XP_012819704.1
GeneID:100127729,c10h17orf67,c17orf67,NP_001106539.1
GeneID:497000,lyset,tmem251,XP_012823780.1
GeneID:100496369,c6h10orf67,c10orf67,XP_012821096.2
GeneID:101735289,vtcn1.2,LOC101735289,XP_031752203.1
GeneID:100485164,tlr13,LOC100485164,XP_002935047.2
GeneID:100497330,fgl1b,LOC100497330,XP_031753092.1
GeneID:100145061,c8h1orf43,c1orf43,NP_001120063.1
GeneID:100485911,KIAA1257,kiaa1257,XP_031757222.1
GeneID:100494388,c9h3orf70,c3orf70,XP_002936580.1
GeneID:100494240,c8h14orf28,c14orf28,XP_002940585.1
GeneID:100495410,cenatac,ccdc84,XP_004916118.2
GeneID:100494289,prss8l.5,prss8l100494289,XP_031749379.1
GeneID:100125173,g6pc1,g6pc.1,NP_001096531.1
GeneID:100497220,KIAA1614,kiaa1614,XP_002937008.2
GeneID:100488155,paics,paics.1,XP_012811124.2
GeneID:100489523,cryga.5,LOC100489523,XP_031749714.1
GeneID:101735239,insyn2a,insyn2,XP_004912776.1
GeneID:448066,cyrib,fam49b,XP_031759168.1
GeneID:100485399,KIAA1522,kiaa1522,XP_004911671.2
GeneID:100124816,c2h1orf216,c1orf216,XP_031752761.1
GeneID:100151718,cfap91,maats1,NP_001120893.1
GeneID:100379929,c8hxorf40a,cxorf40a,XP_002940483.2
GeneID:448230,c2h21orf62,c21orf62,XP_012812182.1
GeneID:101730379,cxc8b.1,LOC101730379,XP_004911177.1
GeneID:780214,hycc1,fam126a,XP_012820391.2
GeneID:100124977,c6h18orf21,c18orf21,NP_001096380.1
GeneID:3283497,mt-atp6,ATP6,YP_203375.1
GeneID:100379753,bbln,c9orf16,XP_002935549.1
GeneID:100495467,tnfsf8,LOC100495467,XP_031747973.1
GeneID:100125070,KIAA0513,kiaa0513,NP_001096454.1
GeneID:448069,pisd-like.2,LOC448069,XP_012825742.1
GeneID:3283499,mt-nd3,ND3,YP_203377.1
GeneID:496874,pttg1ip2,pttg1ip.2,NP_001011400.1
GeneID:100494004,cracdl,kiaa1211l,XP_031752877.1
GeneID:100144997,actmap,c19orf54,XP_012823442.1
GeneID:3283495,mt-co2,COX2,YP_203373.1
GeneID:100488479,elapor1,kiaa1324,XP_002939686.2
GeneID:733508,KIAA0586,kiaa0586,XP_002933790.3
GeneID:100488386,cyp4b1.6,LOC100488386,XP_002931495.3
GeneID:100135362,c5h2orf73,c2orf73,XP_002936967.2
GeneID:394969,steep1,cxorf56,NP_989343.1
GeneID:100488140,irag2,lrmp,XP_031754301.1
GeneID:493200,dynlt5,tctex1d1,XP_004913985.1
GeneID:100497526,c6h7orf31,c7orf31,XP_012821027.2
GeneID:448285,c3h15orf40,c15orf40,XP_012814279.1
GeneID:100127600,slx9,fam207a,NP_001106430.1
GeneID:549592,cyria,fam49a,NP_001016838.1
GeneID:100145332,rergl2,LOC100145332,NP_001120277.1
GeneID:100496630,chst5,LOC100496630,XP_017949006.1
GeneID:496872,serinc1,serinc1.1,NP_001011399.1
GeneID:100498624,XB5768883,LOC100498624,XP_002933699.2
GeneID:101730350,tdh,LOC101730350,XP_004915002.1
GeneID:100491855,xndc1n,LOC100491855,XP_031753283.1
GeneID:100145132,c4h16orf87,c16orf87,NP_001120113.1
GeneID:100145508,mhc2-dab,LOC100145508,NP_001120424.1
GeneID:100493543,c1h4orf45,c4orf45,XP_002934787.2
GeneID:100498135,slc5a1,slc5a1.1,XP_031748112.1
GeneID:100488925,foxl3-ot1,wi2-2373i1.2,XP_002932017.1
GeneID:548419,atosa,fam214a,XP_012814407.1
GeneID:100486005,fgl1a,fgl1,XP_002940496.2
GeneID:100489847,nat8b.2,nat8.9,XP_002936328.3
GeneID:779477,g6pc3,g6pc3.1,XP_031750597.1
GeneID:100145059,c9h8orf33,c8orf33,XP_017952920.2
GeneID:595020,qng1,c9orf64,XP_031748569.1
GeneID:100188925,smad10,smad4.2,XP_031747717.1
GeneID:100216077,nherf2,slc9a3r2,NP_001135534.1
GeneID:100485638,ttc39al,LOC100485638,XP_031755298.1
GeneID:548510,nup42,nupl2,XP_012820101.1
GeneID:100491337,cfap251,wdr66,XP_031748475.1
GeneID:100488140,irag2,lrmp,XP_031754300.1
GeneID:548782,c1h18orf25,c18orf25,NP_001016028.1
GeneID:100490895,abtb3,btbd11,XP_031754545.1
GeneID:779624,c4h11orf68,c11orf68,XP_031756552.1
GeneID:100485745,inppl1a,inppl1,XP_031753288.1
GeneID:116410473,iho1,ccdc36,XP_031757046.1
GeneID:100490553,mhc1-uba6.1,LOC100490553,XP_002938998.1
GeneID:100493914,il12bl,LOC100493914,XP_031750962.1
GeneID:100036602,eeig1,fam102a,XP_012815811.1
GeneID:100379702,kics2,c12orf66,XP_002941299.2
GeneID:100498263,fdx1b,LOC100498263,XP_002936827.1
GeneID:101730718,zbed10,zbed6cl,XP_004919610.2
GeneID:100494453,c7h10orf71,c10orf71,XP_004915970.1
GeneID:100497000,carm1l,carm1p1,XP_012808088.2
GeneID:100490273,c7h1orf127,c1orf127,XP_031762476.1
GeneID:448278,c4h19orf12,c19orf12,NP_001004911.1
GeneID:101731618,c1h4orf54,c4orf54,XP_004911157.2
GeneID:3283493,mt-nd2,ND2,YP_203371.1
GeneID:100158599,myo1e,myo1e.1,NP_001121497.2
GeneID:496693,gstt1-like.2,LOC496693,XP_002931957.2
GeneID:108648340,yrdcl,LOC108648340,XP_031747725.1
GeneID:448417,dync2i2,wdr34,XP_012823678.1
GeneID:100493529,syt2,LOC100493529,XP_002932169.1
GeneID:100490922,cep20,fopnl,XP_002932253.3
GeneID:100491699,KIAA0040,kiaa0040,XP_031756824.1
GeneID:101731703,pacs3,LOC101731703,XP_031758237.1
GeneID:100489763,lrrc32,lrrc32.1,XP_031753232.1
GeneID:100491051,pygb,LOC100491051,XP_031756561.1
GeneID:100495335,nt5c1b,LOC100495335,XP_002941700.1
GeneID:101734214,nat2,LOC101734214,XP_012820597.1
GeneID:100489834,c9h21orf58,LOC100489834,XP_004917954.1
GeneID:100498607,sxph,LOC100498607,XP_031748086.1
GeneID:780158,tbc1d24,tbc1d24.1,XP_012826017.1
GeneID:779527,iftap,c11orf74,XP_012816737.1
GeneID:100496352,dtx3l,LOC100496352,XP_031749308.1
GeneID:100485512,tlr14.2,LOC100485512,XP_012810129.1
GeneID:100492912,zfta,c11orf95,XP_002941790.3
GeneID:101733920,c1h5orf63,c5orf63,XP_012823734.1
GeneID:549512,cep43,fgfr1op,XP_017949382.1
GeneID:100495411,nell3,LOC100495411,XP_031760004.1
GeneID:100135166,KIAA0232,kiaa0232,XP_004911311.1
GeneID:100486629,arhgap20b,LOC100486629,XP_002936839.2
GeneID:100495410,cenatac,ccdc84,XP_004916119.2
GeneID:100170619,c3h12orf40,c12orf40,XP_031753546.1
GeneID:100127554,c3h2orf42,c2orf42,XP_031753436.1
GeneID:100145604,pttg1ip,pttg1ip.1,NP_001120486.2
GeneID:100127673,tex2,tex2.1,NP_001188257.1
GeneID:496431,c2h1orf74,c1orf74,XP_012816052.2
GeneID:105945677,sprtnl.2,LOC101732407.2,XP_012809760.2
GeneID:100490226,fhip1b,fam160a2,XP_031753295.1
GeneID:100486685,dnaaf9,c20orf194,XP_002936411.2
GeneID:100127725,mhc1-uaa,hla-a,NP_001106536.1
GeneID:101733381,KIAA2012,kiaa2012,XP_031749269.1
GeneID:100485374,mettl21e,mettl21ep,XP_004912042.1
GeneID:100486222,casp3,casp3.1,XP_002934309.3
GeneID:100487688,cfap276,c1orf194,XP_002939681.1
GeneID:100379851,KIAA1671,kiaa1671,XP_002932131.2
GeneID:101731809,cbm20,cbm101731809provisional,XP_004917434.1
GeneID:733876,rbm12b,rbm12b.1,XP_031759279.1
GeneID:100497276,bdh1b,LOC100497276,XP_004914424.2
GeneID:100494736,mchr1,mchr1.1,XP_017952551.1
GeneID:733821,c7h1orf159,c1orf159,NP_001039047.1
GeneID:594978,ccdc3l,LOC594978,NP_001025590.1
GeneID:548853,c6h7orf25,c7orf25,XP_012820131.1
GeneID:100494286,KIAA0319l,kiaa0319l,XP_002938878.2
GeneID:100486834,fhip1a,fam160a1,XP_004911204.2
GeneID:100490741,trim25l,trim21,XP_002942762.2
GeneID:100485776,bpifb4,LOC100485776,XP_031750471.1
GeneID:101733873,fndc3c1l,LOC101733873,XP_031755143.1
GeneID:100496834,pou2af2,c11orf53,XP_002932978.1
GeneID:100127707,mhc1-uda,LOC100127707,NP_001265363.1
GeneID:100422809,bmal1,arntl,XP_031756279.1
GeneID:100493490,garre1,kiaa0355,XP_004913617.2
GeneID:100379928,nopchap1,c12orf45,XP_002938117.2
GeneID:100495435,c10h17orf98,c17orf98,XP_031750311.1
GeneID:733760,ift25,hspb11,NP_001037976.1
GeneID:100170590,dact4,LOC100170590,XP_012816126.2
GeneID:100489717,c8h8orf48,c8orf48,XP_012823086.2
GeneID:100497374,ripk3,LOC100497374,XP_031747310.1
GeneID:101732886,kif28,kif28p,XP_031758561.1
GeneID:407914,rbm43l,MGC69473,NP_001001233.1
GeneID:100497276,bdh1b,LOC100497276,XP_002937888.2
GeneID:100494293,mhc1-uba12,LOC100494293,XP_017952444.2
GeneID:395030,mcm6,mcm6.2,NP_989393.1
GeneID:100496643,c5h6orf58,c6orf58,XP_002940437.3
GeneID:100145052,polr1f,twistnb,XP_002933336.2
GeneID:100491169,ripk3l,ripk3.1,XP_031747512.1
GeneID:548503,cyp3a4.2,cyp3a4.3,NP_001015786.1
GeneID:100491855,xndc1n,LOC100491855,XP_031753282.1
GeneID:100379971,c1h18orf54,c18orf54,XP_004910424.2
GeneID:100145424,tamalin,grasp,NP_001120354.1
GeneID:100500921,c2h3orf52,c3orf52,XP_004910704.1
GeneID:100170576,KIAA1210,kiaa1210,NP_001123825.2
GeneID:100125070,KIAA0513,kiaa0513,XP_012815935.1
GeneID:394917,tpm3,MGC76092,XP_031746149.1
GeneID:100037837,myof,myof.1,XP_012821274.1
GeneID:100488386,cyp4b1.6,LOC100488386,XP_012817052.2
GeneID:100495410,cenatac,ccdc84,XP_012822469.2
GeneID:100494087,mypop2,xbg100494087,XP_031757829.1
GeneID:100488346,atp2b4,LOC100488346,XP_002933019.1
GeneID:595014,pglyrp1l,pglyrp1-like.1,NP_001025626.1
GeneID:100135163,banf2,baf-l,XP_012818142.1
GeneID:100216283,cmah,cmahp,XP_002936491.2
GeneID:448417,dync2i2,wdr34,NP_001006746.1
GeneID:448285,c3h15orf40,c15orf40,NP_001004913.1
GeneID:100037837,myof,myof.1,XP_012821275.1
GeneID:100488155,paics,paics.1,XP_012811127.2
GeneID:100135200,KIAA0930,kiaa0930,XP_031753460.1
GeneID:548770,spring1,c12orf49,NP_001016016.1
GeneID:101730293,atp5mk,atp5md,XP_004915907.1
GeneID:100497220,KIAA1614,kiaa1614,XP_012817084.1
GeneID:779812,susd4,tlr5,XP_031757650.1
GeneID:100158547,skic3,ttc37,NP_001121453.1
GeneID:394609,mob2,mob2.1,XP_012816183.1
GeneID:100496369,c6h10orf67,c10orf67,XP_002933194.2
GeneID:100491983,kcnh2,kcnh6,XP_031759593.1
GeneID:549512,cep43,fgfr1op,XP_017949384.1
GeneID:779635,c3h17orf49,c17orf49,XP_017947637.1
GeneID:100497000,carm1l,carm1p1,XP_031746528.1
GeneID:779949,odad2,armc4,NP_001072494.1
GeneID:100496636,c3h15orf39,c15orf39,XP_004916054.2
GeneID:100496369,c6h10orf67,c10orf67,XP_017950268.2
GeneID:100494087,mypop2,xbg100494087,XP_031757830.1
GeneID:549281,c9h2orf69,c2orf69,NP_001016527.1
GeneID:549512,cep43,fgfr1op,XP_012818476.1
GeneID:113455423,mhc1-uba13.1,LOC113455423,XP_031746138.1
GeneID:549512,cep43,fgfr1op,XP_012818479.1
GeneID:100491983,kcnh2,kcnh6,XP_031759592.1
GeneID:780246,car1,car1_predicted,XP_017950194.1
GeneID:394917,tpm3,MGC76092,XP_031746153.1
GeneID:779527,iftap,c11orf74,XP_012816738.1
GeneID:780244,cstpp1,c11orf49,NP_001072784.1
GeneID:100496212,KIAA1217,kiaa1217,XP_031759399.1
GeneID:733509,c2h1orf109,c1orf109,XP_017946802.1
GeneID:496505,c6h5orf22,c5orf22,XP_031759195.1
GeneID:100170576,KIAA1210,kiaa1210,NP_001361530.1
GeneID:100135163,banf2,baf-l,XP_012818143.2
GeneID:780214,hycc1,fam126a,XP_031759327.1
GeneID:394609,mob2,mob2.1,XP_031755795.1
GeneID:100488346,atp2b4,LOC100488346,XP_012826091.1
GeneID:394917,tpm3,MGC76092,XP_031746151.1
GeneID:100496369,c6h10orf67,c10orf67,XP_012821097.2
GeneID:100496212,KIAA1217,kiaa1217,XP_012821102.1
GeneID:100380129,c10h17orf80,c17orf80,XP_031750502.1
GeneID:101731566,znf783,LOC101731566,XP_031760198.1
GeneID:101731566,znf783,LOC101731566,XP_031760197.1
GeneID:101731566,znf783,LOC101731566,XP_031760199.1
GeneID:100490433,cfap107,c1orf158,XP_002937516.1
GeneID:779635,c3h17orf49,c17orf49,XP_017947638.1
GeneID:100490177,cfap54,c12orf63,XP_017947718.2
GeneID:100488346,atp2b4,LOC100488346,XP_017947021.1
GeneID:549116,c1h4orf33,c4orf33.1,XP_017948645.2
GeneID:100170465,bltp3b,uhrf1bp1l,XP_017947446.2
GeneID:394917,tpm3,MGC76092,XP_031746150.1
GeneID:100491211,LOC100491211,fucolectinloc100491211,XP_031759897.1
GeneID:100485682,cfap95,c9orf135,XP_031746692.1
GeneID:496872,serinc1,serinc1.1,XP_017949358.1
GeneID:100497000,carm1l,carm1p1,XP_031746529.1
GeneID:100497000,carm1l,carm1p1,XP_031746527.1
GeneID:100496212,KIAA1217,kiaa1217,XP_012821099.1
GeneID:100495410,cenatac,ccdc84,XP_031762511.1
GeneID:100495513,c3h2orf68,c2orf68,XP_002932586.1
GeneID:394645,rrm2,rrm2.1,NP_989048.1
GeneID:780261,mtss1,mtss1.1,XP_031759330.1
GeneID:549100,c2h11orf54,c11orf54,XP_031751833.1
GeneID:447976,mhc1-uba13.2,mhc1b2,NP_001032350.2
GeneID:100496212,KIAA1217,kiaa1217,XP_002933193.2
GeneID:100145324,stra6l,stra6l.1,NP_001120271.1
GeneID:100488924,c1h2orf81,c2orf81,XP_031751070.1
GeneID:101731566,znf783,LOC101731566,XP_031760200.1
GeneID:100135183,slc15al,slc51a-like.1,XP_031751519.1
GeneID:100135183,slc15al,slc51a-like.1,XP_031751518.1
GeneID:100490553,mhc1-uba6.1,LOC100490553,XP_031747362.1
GeneID:100496212,KIAA1217,kiaa1217,XP_012821098.1
GeneID:100496212,KIAA1217,kiaa1217,XP_012821103.1
GeneID:100490531,pcbp1,LOC100490531,XP_002932078.1
GeneID:100495410,cenatac,ccdc84,XP_002932971.3
GeneID:100486626,cibar2,fam92b,XP_002936151.1
GeneID:100496212,KIAA1217,kiaa1217,XP_012821101.1
GeneID:100037837,myof,myof.1,XP_031760543.1
GeneID:100037837,myof,myof.1,XP_031760544.1
GeneID:549512,cep43,fgfr1op,XP_017949383.1
GeneID:100145277,as3mt.1,LOC100145277,XP_031760674.1
GeneID:100490553,mhc1-uba6.1,LOC100490553,XP_017952477.1
GeneID:100271753,scppa2,LOC100271753,NP_001139219.1
GeneID:733509,c2h1orf109,c1orf109,XP_017946803.1
GeneID:100488155,paics,paics.1,XP_031751272.1
GeneID:100494799,bpi5,LOC100494799,XP_002932907.3
GeneID:100488346,atp2b4,LOC100488346,XP_017947020.1
GeneID:100488155,paics,paics.1,XP_012811128.1
GeneID:100135386,coa3,ccdc56,XP_017953157.1
GeneID:448510,slc22a15,slc22a15.1,XP_031751720.1
GeneID:100145634,c4h1orf112,c1orf112,NP_001120506.1
GeneID:100037880,c9h2orf76,c2orf76,XP_031748294.1
GeneID:100485875,polr1g,cd3eap,XP_031747535.1
GeneID:100145513,dnai3,wdr63,NP_001120428.1
GeneID:100485546,slc7a2,slc7a2.1,XP_031751283.1
GeneID:100490531,pcbp1,LOC100490531,XP_017953104.1
GeneID:594905,cyp27a1.3,LOC594905,XP_002934002.3
GeneID:100496212,KIAA1217,kiaa1217,XP_004915500.1
GeneID:105946605,smim11,smim11a,XP_031752423.1
GeneID:100490531,pcbp1,LOC100490531,XP_017953103.1
GeneID:101731566,znf783,LOC101731566,XP_031760196.1
GeneID:100145277,as3mt.1,LOC100145277,XP_031760675.1
GeneID:100495467,tnfsf8,LOC100495467,XP_031747974.1
GeneID:100145237,odad3,ccdc151,XP_004918955.1
GeneID:549243,cdin1,c15orf41,XP_017951746.1
GeneID:779811,c3h5orf24,c5orf24,XP_017947649.1
GeneID:780261,mtss1,mtss1.1,XP_031759331.1
GeneID:394917,tpm3,MGC76092,NP_989299.1
GeneID:100037837,myof,myof.1,XP_012821279.1
GeneID:100495183,mhc2-dmb,LOC100495183,XP_031747862.1
GeneID:100491211,LOC100491211,fucolectinloc100491211,XP_031759896.1
GeneID:394909,pabir3,fam122c,NP_989291.1
GeneID:394645,rrm2,rrm2.1,XP_012818291.1
GeneID:100485399,KIAA1522,kiaa1522,XP_031752787.1
GeneID:548848,42sp43,42Sp43,XP_012827211.1
GeneID:779635,c3h17orf49,c17orf49,XP_012808864.1
GeneID:100489834,c9h21orf58,LOC100489834,XP_031748997.1
GeneID:100495207,rigi,ddx58,XP_002935717.2
GeneID:733509,c2h1orf109,c1orf109,XP_031751931.1
GeneID:100170465,bltp3b,uhrf1bp1l,XP_017947444.2
GeneID:100496212,KIAA1217,kiaa1217,XP_017950267.1
GeneID:100038139,tdgf1,tdgf1.1,NP_001078829.1
GeneID:100497251,spata18b,spata18.2,XP_031754881.1
GeneID:105946662,dmd,dmd.3,XP_031752859.1
GeneID:105946662,dmd,dmd.3,XP_031752858.1
GeneID:105946662,dmd,dmd.3,XP_031752857.1
GeneID:116406636,cyp2a6.12,LOC116406636,XP_031746921.1
GeneID:594905,cyp27a1.3,LOC594905,XP_031749392.1
GeneID:100488454,c3h15orf61,c15orf61,XP_031755118.1
GeneID:100490896,azgp1,LOC100490896,XP_031747755.1
GeneID:100497814,c10h20orf85,c20orf85,XP_031750081.1
GeneID:100037837,myof,myof.1,XP_031760541.1
GeneID:100498204,znf585bl,LOC100498204,XP_017947866.2
GeneID:100170467,KIAA1958,kiaa1958,XP_012812449.1
GeneID:100492224,c6h8orf34,c8orf34,XP_004915226.1
GeneID:100485578,c2h1orf94,c1orf94,XP_031752781.1
GeneID:100485399,KIAA1522,kiaa1522,XP_031752786.1
GeneID:100490531,pcbp1,LOC100490531,XP_004917962.1
GeneID:100490922,cep20,fopnl,XP_004918019.2
GeneID:100496212,KIAA1217,kiaa1217,XP_004915495.1
GeneID:100490531,pcbp1,LOC100490531,XP_012826835.1
GeneID:100496212,KIAA1217,kiaa1217,XP_004915493.1
GeneID:394609,mob2,mob2.1,NP_989013.1
GeneID:100494057,flacc1,flacc,XP_004917832.2
GeneID:595020,qng1,c9orf64,XP_017952628.2
GeneID:100490531,pcbp1,LOC100490531,XP_012826836.1
GeneID:100490531,pcbp1,LOC100490531,XP_031749388.1
GeneID:549220,tafazzin,taz,XP_017945537.1
GeneID:100158599,myo1e,myo1e.1,XP_031753529.1
GeneID:448677,MGC89871,LOC448677,XP_012818354.1
GeneID:113455423,mhc1-uba13.1,LOC113455423,XP_002940106.1
GeneID:100170467,KIAA1958,kiaa1958,NP_001123722.2
GeneID:100127554,c3h2orf42,c2orf42,XP_031753438.1
GeneID:101733381,KIAA2012,kiaa2012,XP_031749271.1
GeneID:101733381,KIAA2012,kiaa2012,XP_031749272.1
GeneID:100380129,c10h17orf80,c17orf80,XP_031750503.1
GeneID:100490531,pcbp1,LOC100490531,XP_004917959.1
GeneID:100498278,stat3,stat3.1,XP_031750543.1
GeneID:100494057,flacc1,flacc,XP_004917835.2
GeneID:100125175,fhip2a,fam160b1,NP_001128293.1
GeneID:496702,zng1b,cbwd2,NP_001011255.1
GeneID:101733381,KIAA2012,kiaa2012,XP_031749270.1
GeneID:100489834,c9h21orf58,LOC100489834,XP_004917956.1
GeneID:100495410,cenatac,ccdc84,XP_031762510.1
GeneID:100145237,odad3,ccdc151,XP_004918956.1
GeneID:100490531,pcbp1,LOC100490531,XP_012826837.1
GeneID:100496212,KIAA1217,kiaa1217,XP_004915496.1
GeneID:105946605,smim11,smim11a,XP_012813462.2
GeneID:100496985,mtss2,mtss1l,XP_004914100.1
GeneID:780261,mtss1,mtss1.1,XP_031759332.1
GeneID:100493594,ptprvl,LOC100493594,XP_004910712.1
GeneID:394917,tpm3,MGC76092,XP_031746152.1
GeneID:100490531,pcbp1,LOC100490531,XP_004917960.1
GeneID:100490922,cep20,fopnl,XP_004918018.2
GeneID:779635,c3h17orf49,c17orf49,XP_012808863.1
GeneID:549512,cep43,fgfr1op,NP_001016758.1
GeneID:549363,c6h1orf35,c1orf35,XP_012820166.1
GeneID:100487918,cyp4b1.3,LOC100487918,XP_002931492.1
GeneID:100493287,hycc2,fam126b,XP_031749475.1
GeneID:100485638,ttc39al,LOC100485638,XP_031755299.1
GeneID:100485377,c7h10orf53,c10orf53,XP_002933960.2
GeneID:549512,cep43,fgfr1op,XP_031757581.1
GeneID:100498255,KIAA0825,kiaa0825,XP_017946280.2
GeneID:100145513,dnai3,wdr63,XP_031755714.1
GeneID:394609,mob2,mob2.1,XP_012816181.2
GeneID:394493,st3gal8,st3gal2.2,NP_988898.1
GeneID:548985,ints15,c7orf26,XP_031748524.1
GeneID:100379673,ankrd26,ankrd7,XP_031754837.1
GeneID:100125120,prpf39,prpf39.1,NP_001116273.1
GeneID:448066,cyrib,fam49b,XP_031759167.1
GeneID:100379673,ankrd26,ankrd7,XP_031754834.1
GeneID:394505,slc5a8,slc5a8.1,XP_031753626.1
GeneID:100170454,c2h21orf91,c21orf91,NP_001123703.1
GeneID:100379673,ankrd26,ankrd7,XP_031754836.1
GeneID:549512,cep43,fgfr1op,XP_012818472.1
GeneID:100490177,cfap54,c12orf63,XP_031754731.1
GeneID:100170567,dnai7,casc1,NP_001123816.1
GeneID:549116,c1h4orf33,c4orf33.1,XP_031755708.1
GeneID:100379673,ankrd26,ankrd7,XP_031754835.1
GeneID:100170619,c3h12orf40,c12orf40,XP_031753548.1
GeneID:100498204,znf585bl,LOC100498204,XP_031754970.1
GeneID:550017,slc66a2,slc66a2.1,XP_031759266.1
GeneID:100488155,paics,paics.1,XP_012811125.2
GeneID:493240,c3h12orf4,c12orf4,XP_012814325.1
GeneID:100492422,ttll13,ttll13p,XP_012814991.1
GeneID:100127554,c3h2orf42,c2orf42,XP_012813940.1
GeneID:100170467,KIAA1958,kiaa1958,XP_012812453.1
GeneID:733509,c2h1orf109,c1orf109,XP_012812578.1
GeneID:100135163,banf2,baf-l,NP_001165145.1
GeneID:100494286,KIAA0319l,kiaa0319l,XP_012812826.1
GeneID:100379842,guca1bl,LOC100379842,XP_031756348.1
GeneID:100495410,cenatac,ccdc84,XP_004916120.2
GeneID:780214,hycc1,fam126a,NP_001072757.1
GeneID:549016,c1h9orf72,c9orf72,NP_001016262.2
GeneID:496505,c6h5orf22,c5orf22,XP_031759193.1
GeneID:100379673,ankrd26,ankrd7,XP_012815407.2
GeneID:448278,c4h19orf12,c19orf12,XP_012816292.1
GeneID:496431,c2h1orf74,c1orf74,XP_017946688.2
GeneID:100037837,myof,myof.1,XP_012821280.1
GeneID:779953,zfyve28a,zfyve28,XP_031757569.1
GeneID:100124898,dusp29,dupd1,XP_012821349.1
GeneID:100170465,bltp3b,uhrf1bp1l,XP_017947442.2
GeneID:100485121,kcnh6,kcnh2,XP_012808358.2
GeneID:100496212,KIAA1217,kiaa1217,XP_012821100.1
GeneID:100124977,c6h18orf21,c18orf21,XP_017950002.1
GeneID:493240,c3h12orf4,c12orf4,XP_012814319.1
GeneID:100145417,KIAA1191,kiaa1191,XP_012814030.1
GeneID:100170590,dact4,LOC100170590,XP_031755766.1
