gene_id,rep_symbol,uniprot_symbol,uniprot_id
GeneID:100488444,LOC100488444,gpr12,A0A803J7U6
GeneID:100489483,btnl10.2,LOC100489483,A0A8J0SQR9
GeneID:100037880,c9h2orf76,c2orf76,A0A8J1IRR7
GeneID:549411,ptrh2,LOC549411,A4IGX7
GeneID:100038306,LOC100038306,XB5805949,A4IH21
GeneID:100124973,maneal,prkacb,F7DEL9
GeneID:100486736,whrn,spring1,A0A7D9NJS6
GeneID:100488346,atp2b4,LOC100488346,A0A8J1J4C1
GeneID:100493344,nwd2,krt12.6,F6SZX5
GeneID:100497438,lingo3,znf534,F6U4D8
GeneID:733539,LOC733539,XB5733004,Q28GW7
GeneID:100486598,LOC100486598,exd3,A0A6I8Q3H7
GeneID:100491184,c4h11orf24,c11orf24,A0A6I8SIK7
GeneID:100486876,LOC100486876,XB5749398,A0A803JWC9
GeneID:779825,entrep2,fam189a1,A0A8J1J7R8
GeneID:779667,trnau1ap,trnau1apl1,A0A8J1JT11
GeneID:100127564,LOC100127564,XB5953580,A7YYK9
GeneID:100135136,LOC100135136,XB5756113,A9JSD2
GeneID:549416,a4gnt,LOC549416,B7ZTR8
GeneID:116407616,LOC116407616,ccdc42,F7B6M6
GeneID:100494966,yme1l1,rhag,F7DF24
GeneID:493545,anxa5,tmtc1,Q640T3
GeneID:733811,LOC733811,XB5919442,A0A803J2Z6
GeneID:100490380,LOC100490380,ik,A0A803J8Y8
GeneID:100497341,LOC100497341,LOC108644459,A0A803K0H1
GeneID:549814,pals2,mpp6,A0A8J0SNC8
GeneID:549982,cirbp,nmt1,F6TBP6
GeneID:779762,ywhag,ugt1a1,F6TYX1
GeneID:780057,scml2,rasl12,F6YNN0
GeneID:100101678,c2h2orf49,c2orf49,F7BDK7
GeneID:780093,rab9a,plvap,Q05AZ2
GeneID:733876,rbm12b,rbm12b.1,Q28D32
GeneID:548767,rgr,nudt6,Q28EK0
GeneID:496782,mettl2b,mettl2,Q5M8E6
GeneID:496653,med4,cryba4,A0A7D9NJS9
GeneID:108644478,LOC108644478,LOC108648372,A0A803K933
GeneID:100151727,lrig3,slc35g1,F6YDB3
GeneID:101733801,ptprh,XB5906919,F7DSS9
GeneID:100145576,rchy1l,foxo1,A0A6I8QJP8
GeneID:100492224,c6h8orf34,c8orf34,A0A6I8T1K3
GeneID:619589,tbx5,socs2,A0A7D9NLI1
GeneID:100486324,c8h14orf39,c14orf39,A0A803JS82
GeneID:100494220,lxn,rarres1,A0A803JYP4
GeneID:100036666,rad52,leprotl1,F7DHI3
GeneID:100486069,scrt1,scrt2,A0A803J893
GeneID:105946605,smim11,smim11a,A0A8J0SE61
GeneID:100485318,ntmt2,mettl11b,F7ABL8
GeneID:733556,LOC733556,XB5734924,Q28GK5
GeneID:448521,c8h19orf47,c19orf47,Q6DFP8
GeneID:448006,MGC69493,mgc69493,Q6GLH1
GeneID:100486093,nfil3l,LOC100486093,A0A6I8SE84
GeneID:100144721,kmt2b,prtn3,A0A7D9NJW2
GeneID:100495652,LOC100495652,XB5960368,A0A803JY10
GeneID:101731544,snapc2,MGC79786,Q68F81
GeneID:116412116,LOC116412116,crygdl.45,A0A6I8QQA8
GeneID:101735119,LOC101735119,LOC116411024,A0A6I8S0I5
GeneID:100497567,qrich1l,znf160,A0A7D9NLF9
GeneID:100496094,lvrn,vrk3,A0A7D9NLG4
GeneID:100145423,msra,msra.1,A0A803JTZ9
GeneID:100496212,KIAA1217,kiaa1217,A0A8J0R0E3
GeneID:100145149,LOC100145149,XB5852426,B0JZ47
GeneID:100492965,egfr,ppp1r12c,F6UFM4
GeneID:493450,surf4,surf4.1,Q28IU7
GeneID:100216308,LOC100216308,IL22,B6RD04
GeneID:100495665,hsf2bp,tent5a,F6R0G5
GeneID:100486160,atg9b,cwf19l1,F6VMF8
GeneID:100497867,slc6a16,zmiz2,F6WK55
GeneID:100036664,meis2,tab3,L7N2M0
GeneID:549983,pik3r3,tas2r39,Q28IS1
GeneID:549489,wnt11b,wnt11b-2,Q28J82
GeneID:394721,sf3b4,cdca7l,Q6P872
GeneID:100170454,c2h21orf91,c21orf91,A0A803JJ81
GeneID:100494621,XB5897271,LOC100494621,A0A8J1IT85
GeneID:100145323,LOC100145323,XB5769266,B1H192
GeneID:448251,sult1c2,axin1,F7CNN0
GeneID:100486084,coq3,gxylt1,F7E229
GeneID:448371,MGC89248,mgc89248,F7EEX0
GeneID:3283503,mt-nd6,nd6,Q5G7H9
GeneID:100492885,LOC100492885,XB5813854,A0A6I8RQW0
GeneID:100492035,c10h17orf75,c17orf75,A0A803JNA4
GeneID:100494487,LOC100494487,XB5951253,A0A803K2N5
GeneID:100489400,crygdl.43,crygdl.39,A0A803K403
GeneID:594931,plek,palm,Q5BL93
GeneID:100491214,LOC100491214,mmp8,A0A6I8RND2
GeneID:100487453,mttp,mttp.1,A0A6I8T1L6
GeneID:100497492,prss57,LOC100497492,A0A8J0QSQ5
GeneID:100497170,clrn1,impdh2,F6XD29
GeneID:549541,foxi4.1,foxi1c,Q28D67
GeneID:548411,bpi,MGC108117,Q5FWR5
GeneID:100492280,LOC100492280,p4ha1,A0A6I8RHS2
GeneID:100379787,KIAA0753,kiaa0753,A0A8J0QMC6
GeneID:100497374,ripk3,LOC100497374,A0A8J1INZ8
GeneID:100135146,LOC100135146,XB5894820,A9JSE2
GeneID:100493464,LOC100493464,XB5856846,F6ZX65
GeneID:100491488,slain2,wwtr1,A0A7D9NLB8
GeneID:493559,sgms1,mettl1,F6UTK5
GeneID:779981,lrrn3,kpna6,Q0D2D1
GeneID:733945,LOC733945,XB5722382,Q28C43
GeneID:548731,dnajc28,tada2b,Q28EA1
GeneID:733570,LOC733570,XB5720005,Q28GE9
GeneID:394967,LOC394967,MGC76224,Q6P2Z1
GeneID:394490,cycs,cyct,Q6PBF4
GeneID:548655,LOC548655,XB5901009,A0A6I8RQL9
GeneID:100488224,LOC100488224,XB5772961,A0A6I8SKA0
GeneID:100192373,acacb,rgmb,A0A7D9NLS1
GeneID:100485015,LOC100485015,XB22064855,A0A803KE81
GeneID:100144983,LOC100144983,XB5958875,B0BM79
GeneID:100487145,slc39a8,jak1,F6T0H5
GeneID:100488735,piwil1,piwil3,F6VZI1
GeneID:100158631,pcnx4,acer1,F6X856
GeneID:100127764,ndufs6,mfsd4b,F6ZWK3
GeneID:100380042,dlg3,nhsl1,L7N2V0
GeneID:496550,ocm4,ocm4.1,Q5XH89
GeneID:448658,eef1b2,eef1b,Q6DET9
GeneID:100495594,nppa,nppb,A0A6I8RJK8
GeneID:100487911,or52p1,or52p1l,A0A803J2C5
GeneID:116412077,LOC116412077,cuzd1.2,A0A803KC92
GeneID:100489554,shisa1,shisa1.1,A0A8J0R2U9
GeneID:550017,slc66a2,slc66a2.1,A4IGL5
GeneID:100144966,LOC100144966,gpr26,B0BM51
GeneID:100216141,LOC100216141,XB5992703,B4F727
GeneID:116411637,LOC116411637,TGas006m08.1,Q28DR4
GeneID:394744,sp1,mapk7,F6VY28
GeneID:100498331,LOC100498331,LOC100498493,A0A6I8RHZ8
GeneID:101734838,LOC101734838,LOC105945772,A0A8J1IUD5
GeneID:100493170,wwtr1,mblac1,E1CHM3
GeneID:100036700,c2h1orf116,c1orf116,F7ECY2
GeneID:493317,aprt,piezo1,Q66KD7
GeneID:101734231,LOC101734231,nodal5.2,A0A6I8QN31
GeneID:100489834,c9h21orf58,XB5857145,A0A6I8RMV7
GeneID:116406581,mhc1-uba3,LOC116406581,A0A8J1IMD1
GeneID:100495647,bdh1a,cse1l,F6RPF1
GeneID:100379807,kdm3a,tbc1d24.1,F6X144
GeneID:116410345,LOC116410345,slc22a8l.1,F7BKH6
GeneID:548354,tmem17l,tmem17-a,Q5HZD4
GeneID:100493507,filip1l,diablo,A0A5S6KF84
GeneID:100495258,LOC100495258,XB1001290,A0A6I8QAI9
GeneID:100188923,gtf3c6,XB5913757,F6TSB7
GeneID:733509,c2h1orf109,TEgg082i12.1,Q28I03
GeneID:448615,pabpc1l,epabp,Q6DEY7
GeneID:100379811,desi2,cox20,A0A803JJ39
GeneID:100379861,capn8.5,LOC101731595,A0A803KC39
GeneID:116410562,LOC116410562,LOC108647862,A0A8J1JKU4
GeneID:100125093,mkrn2os,LOC100125093,A4IIZ4
GeneID:100496572,LOC100496572,mst1r,F6XEZ0
GeneID:733561,LOC733561,XB5731801,F7AX35
GeneID:100495525,msh4,rabggtb,A0A6I8R2E8
GeneID:100492351,v2ra26,rgd1566381,A0A8J1IT25
GeneID:116409704,LOC116409704,LOC116409703,A0A8J1JC58
GeneID:100145659,rapgef2,atp5mk,Q08BU0
GeneID:779868,c5h6orf118,c6orf118,Q0V9C4
GeneID:549908,asb7,septin5,Q28HF4
GeneID:448579,LOC448579,dhdh,Q6DF30
GeneID:595020,qng1,c9orf64,A0A6I8PSK8
GeneID:100216283,cmah,cmahp,A0A6I8SL00
GeneID:100494546,LOC100494546,XB986526,A0A803JXG9
GeneID:549202,dpepe,vps35l,B3DL55
GeneID:116412463,LOC116412463,tmem221,F7C998
GeneID:100498278,stat3,stat3.1,A0A803J6M0
GeneID:779973,ube3c,MGC146390,A0A803KH81
GeneID:100216020,LOC100216020,XB5970036,B3DLU8
GeneID:100486478,LOC100486478,cxcl9,F7DAH3
GeneID:549124,ntf3,ppip5k1,F7EB21
GeneID:100493887,tmem128,tmem128l,A0A803JNR5
GeneID:100124818,fabp4,LOC100124818,A0A803KLC3
GeneID:100379878,elapor2,kiaa1324l,A0A8J0QKN6
GeneID:100135350,kdm4a,gtf3c5,A9UMG7
GeneID:100487835,fam151b,avpr1a,F6V9K0
GeneID:100216061,eea1,sike1,F6X567
GeneID:100494334,LOC100494334,krasl,F6ZM74
GeneID:100494392,bltp2,ptn,F7AA10
GeneID:493538,cyct,cycs,Q640U4
GeneID:100135382,LOC100135382,XB5961369,A9UMK5
GeneID:780230,nefm,optn,F6UGX6
GeneID:733726,LOC733726,XB5959819,Q28H55
GeneID:100145763,LOC100145763,XB5767034,A0A803JB96
GeneID:100498493,tlr12,LOC100498493,A0A803JF29
GeneID:100145317,upb1,cdcp1,B1H183
GeneID:493461,apoa4,eef1d,F7AAN1
GeneID:100485616,c1h22orf39,c22orf39,A0A6I8Q4H6
GeneID:101732060,LOC101732060,LOC108648295,A0A6I8S719
GeneID:100135120,LOC100135120,XB5729191,A0A803KK16
GeneID:100329185,kissr2,KiSSR,A0A803KK31
GeneID:100490301,btbd8,KIAA1107,A0A8J0SLL2
GeneID:100036683,wnk1,LOC100036683,A1A5F5
GeneID:549419,c7h1orf50,c1orf50,B0JYW8
GeneID:100144644,pias3,btnl10.2,F6ZBV4
GeneID:101730761,LOC101730761,h2ac14,Q6DK82
GeneID:101731954,psmb9,LMP2,Q6XXY1
GeneID:548853,c6h7orf25,rapgefl1,A0A5S6K347
GeneID:100144969,LOC100144969,XB5936512,A0A6I8PN94
GeneID:100493491,LOC100493491,XB5752756,A0A6I8QH61
GeneID:100485703,mterf2,pglyrp2,A0A7D9NJK7
GeneID:100496564,adprhl1,dcun1d2,A0A803J5K3
GeneID:100496614,rtp3b,rtp3,F6PV32
GeneID:613072,MGC108380,mgc108380,F6RHQ1
GeneID:779811,c3h5orf24,NA,Q0V9N5
GeneID:448016,rcan1,dscr1,Q28HQ3
GeneID:394997,ppih,ipmk,Q6P2Y4
GeneID:100493997,icos,LOC100493997,A0A6I8RF66
GeneID:100127796,otop3,shisa2,A9JTM7
GeneID:100170429,LOC100170429,XB5899551,B2RZ05
GeneID:493486,nup35,gin1,F6RNJ8
GeneID:548351,LOC548351,XB5731323,F6YUN6
GeneID:100170420,LOC100170420,XB5909790,F6ZMN7
GeneID:100495742,LOC100495742,tll1,A0A6I8RRK9
GeneID:100493299,LOC100493299,XB5899916,F6SU87
GeneID:100038212,pax1,XB1001094,F6YT31
GeneID:100495571,LOC100495571,LOC100495897,A0A6I8S1C7
GeneID:734032,zar1l,zar2,A0A6I8SKU7
GeneID:100270771,cntrl,mnat1,A0A7D9NM68
GeneID:101731820,abcf2,LOC101731820,A0A803J247
GeneID:548950,rnf220,rnf220.1,F6RST5
GeneID:549279,lrrc23,lamb2,F7DP43
GeneID:100488227,cyp4b1.5,XB5810926,A0A6I8SIH2
GeneID:100533517,ppan,slc34a2-prov,A0A803KIQ2
GeneID:100145237,odad3,ccdc151,A0A8J0QVE6
GeneID:394917,tpm3,MGC76092,A0A8J1IL19
GeneID:100490896,azgp1,LOC100490896,A0A8J1IQ84
GeneID:100493221,nid1,rhobtb1,F6VE55
GeneID:549635,tbc1d20,tbc1d20.1,F7EKE6
GeneID:496746,LOC496746,XB5758585,Q5M8I3
GeneID:100302393,rcvrn,rcvrn.1,A0A1B8Y3C0
GeneID:100216245,fam172b,XB6001422,A0A6I8PWM1
GeneID:108645874,LOC108645874,LOC116408844,A0A6I8RVH3
GeneID:100485578,c2h1orf94,c1orf94,A0A803K673
GeneID:100487554,has3,zbtb40,F6QBK5
GeneID:100380200,mcf2l.2,mcf2l2,F6RNH6
GeneID:780138,MGC147475,mgc147475,F6TG73
GeneID:101730635,LOC101730635,bet1,Q28H66
GeneID:100497030,LOC100497030,XB5822195,A0A6I8QNB6
GeneID:100485450,dmac2,b3gnt6,A0A803JI05
GeneID:100145777,c2hxorf38,cxorf38,B1WBH0
GeneID:100158544,LOC100158544,ttll3,B2GUB3
GeneID:100488895,crim1,rita1,F6SVU4
GeneID:100496780,LOC100496780,fam3d,F6TS12
GeneID:733955,c1h19orf25,c19orf25,A0A8J1JGW5
GeneID:105947126,LOC105947126,LOC108648854,A0A6I8Q4K0
GeneID:100493164,LOC100493164,XB5730473,A0A6I8Q7H7
GeneID:100490653,LOC100490653,LOC101733634,A0A6I8QZI5
GeneID:100485581,LOC100485581,XB940394,A0A803JHP8
GeneID:100494087,mypop2,XB22169522,A0A803JUF0
GeneID:100135386,coa3,ccdc56,A0A803KKG6
GeneID:100495102,foxe3,crip2,F6PL81
GeneID:101732693,LOC101732693,fam98b,F6XZ50
GeneID:100487214,caskin2,klhl17,F7BKQ7
GeneID:100495207,rigi,ddx58,F7E080
GeneID:733993,cdc42ep2,znf385d,Q28IP7
GeneID:3283492,mt-nd1,nd1,Q5G7J0
GeneID:100495756,LOC100495756,XB5727280,A0A7D9NLI7
GeneID:100145250,LOC100145250,XB5762451,B0JZV5
GeneID:100158615,nop9,reep1,F6VPG4
GeneID:733757,c5h1orf131,spint1,F7A9C8
GeneID:100124771,LOC100124771,XB5729271,Q28DP5
GeneID:594923,cdc42se2,cdc42se2-B,Q28GG3
GeneID:394541,krt18.1,krt18,Q6P864
GeneID:101733231,LOC101733231,ctrb1,A0A5G3KC04
GeneID:100488966,irag1,mrvi1,A0A8J1JHX7
GeneID:394516,c7h12orf57,TNeu030m04.1,Q6P7L0
GeneID:100490287,matcap1,kiaa0895l,F6SDN1
GeneID:549154,LOC549154,XB5931222,F7CA63
GeneID:100491304,cbx2,syngr2,F7EJK9
GeneID:100488953,slc25a22,slc25a22l,A0A803K9G0
GeneID:100497697,KIAA1549L,kiaa1549l,A0A8J0ST65
GeneID:100145533,LOC100145533,XB5842389,B1H317
GeneID:100485234,tnfrsf19,oaz2,F6WFL7
GeneID:733832,pex13,sphkap,F7EUW7
GeneID:101731645,c7h10orf90,c10orf90,A0A6I8SAA1
GeneID:101732513,relt,LOC101732513,A0A8J1J885
GeneID:100494160,c7h11orf1,c11orf1,A0A8J1JVB7
GeneID:100124839,c4h3orf49,c3orf49,A4IHF7
GeneID:100496802,cyp1c1,CYP1C1,E9LJ47
GeneID:100379941,c1h19orf44,c19orf44,F6Q2E6
GeneID:448593,txnl1,tm2d3,F6RTD9
GeneID:779635,c3h17orf49,c17orf49,Q0VFS1
GeneID:100493569,LOC100493569,mgc69309,A0A6I8SPN7
GeneID:105947726,LOC105947726,LOC116406463,A0A803JX81
GeneID:100379837,spata18a,LOC100379837,A0A8J0QXA8
GeneID:100170425,LOC100170425,XB5807236,B2RYZ9
GeneID:100487775,sgtb,fads2,F6YR25
GeneID:733811,LOC733811,XB5919442,Q28EE4
GeneID:100488030,LOC100488030,XB5964270,A0A803JLI5
GeneID:550009,zmpste24,specc1,F6ZTY8
GeneID:407930,erlec1,cadm1,Q6NVN2
GeneID:100487332,LOC100487332,XB5772270,A0A1B8Y874
GeneID:100216251,syne2,syne2.2,A0A803JQZ5
GeneID:100488877,tmtops,tmtopn3,A0A803KKM5
GeneID:105945493,nxpe3l,nxpe3l.1,A0A8J1JTW4
GeneID:100127791,ppp1r3c.1,ppp1r3c,A9JTM1
GeneID:100125133,vps33b,acacb,F6SGV2
GeneID:100496184,LOC100496184,trmt9b,F6SH10
GeneID:101731179,htr2b,arnt,A0A7D9NMF6
GeneID:100490164,LOC100490164,XB5836481,A0A803J571
GeneID:493230,adissp,c20orf27,A0A803JU08
GeneID:100488893,c3h5orf15,c5orf15,A0A8J0QLL6
GeneID:780086,MGC147226,mgc147226,F6WLQ7
GeneID:100485188,tmem215,trabd,F7DQA0
GeneID:549557,cpsf4l,ildr1,Q28DB2
GeneID:100145743,LOC100145743,XB5732280,A0A6I8Q209
GeneID:100496176,mhc1-uba7.2,LOC100496176,A0A8J0SA08
GeneID:108646275,c3h12orf42,c12orf42,A0A8J1J870
GeneID:100125003,ift56,ttc26,A4III8
GeneID:100145002,LOC100145002,XB5749127,B0BMA0
GeneID:100495820,vim.2,hes5.3,F6X8X4
GeneID:550080,nsa2,ddx41,Q28DU8
GeneID:448158,ppp1r3c.2,ppp1r3c,Q6GL23
GeneID:100485981,LOC100485981,LOC100497003,A0A6I8RWS1
GeneID:116408918,LOC116408918,LOC116408919,A0A803K180
GeneID:100141483,pkr3,smim18,F6ZVU2
GeneID:100493013,arsb,pdcd4,F7DJU0
GeneID:100487553,b3galt9,b3gnt10,A0A8J0QKN0
GeneID:108648814,LOC108648814,LOC116407825,A0A8J1IVV0
GeneID:100127775,mcrip1,Mcrip1,A9JSQ8
GeneID:100491675,tapt1,slc4a3,F6WHI5
GeneID:100125003,ift56,ttc26,A0A6I8PVU2
GeneID:100496145,c5h3orf80,c3orf80,A0A803JI08
GeneID:100489483,btnl10.2,XB5894678,A0A803JKL2
GeneID:448362,MGC89221,mgc89221,A0A803KGN3
GeneID:594885,myg1,c12orf10,A0A8J0S7T7
GeneID:594909,LOC594909,cdc42se2-A,Q28EW5
GeneID:100135246,LOC100135246,XB5904899,A9UM44
GeneID:100485394,LOC100485394,c1qtnf9b,F6WF68
GeneID:779564,LOC779564,XB5797209,F6XBZ7
GeneID:548688,tuba5,tuba3c,Q28CH9
GeneID:100487226,npbwr2,npbwr1,A0A1B8XX76
GeneID:100487890,gprc6a.2,XB991396,A0A6I8PZ96
GeneID:100158580,itga2b.1,itga2b.2,A0A6I8Q5U0
GeneID:100493598,c6h8orf88,pip4p2,A0A6I8QN15
GeneID:549476,rps14,LOC549476,A0A803KGH9
GeneID:100486626,cibar2,fam92b,A0A8J0R3A1
GeneID:116407572,LOC116407572,LOC101731839,A0A8J1ITM0
GeneID:100036641,tmem63c,rps17,A0JP96
GeneID:100497487,ptrh1,slc35b3,F6T881
GeneID:116407511,hoxd4,cbx5,F6VY66
GeneID:100145645,exoc1,htr1a,F6ZY35
GeneID:733758,LOC733758,XB5722075,Q28FQ1
GeneID:116409814,LOC116409814,h2bc14,Q28J31
GeneID:100135231,LOC100135231,XB5872520,A0A6I8PTW9
GeneID:100491774,gfi1,lratd1,A0A7D9NJU6
GeneID:101732745,LOC101732745,LOC116412221,A0A803KDW5
GeneID:100216113,lamtor3l,lamtor3,B4F6Y3
GeneID:100497921,irf10,supt4h1,F6R2V2
GeneID:100379701,sap30bp,flacc1,F7AXJ5
GeneID:116407592,LOC116407592,hist2h2bf,Q28D68
GeneID:549156,lsm2,barhl2,Q5BL46
GeneID:100494793,LOC100494793,XB5786944,A0A6I8PSX3
GeneID:100497169,LOC100497169,LOC101732872,A0A803J724
GeneID:548945,LOC548945,XB5763442,B1H1D5
GeneID:733765,LOC733765,XB5922676,Q28FL2
GeneID:493474,dnajb1,sowahd,Q66IK3
GeneID:100145165,LOC100145165,XB5809687,A0A6I8S4C0
GeneID:100145065,wdr88l,XB22166267,A0A803JJT0
GeneID:100492381,hepacam2l,ig100492381,A0A8J0QR58
GeneID:108644442,c9h2orf80,c2orf80,A0A8J0T6B7
GeneID:780277,LOC780277,XB5812267,F6U3W3
GeneID:100135181,pih1d1,acaa2,F6WDA6
GeneID:448647,st14,nrcam,F7CC11
GeneID:733531,foxr1,foxn5,Q28H65
GeneID:100486056,LOC100486056,XB5896327,A0A1B8Y839
GeneID:100498583,c5h2orf72,c2orf72,A0A6I8PVQ3
GeneID:100492150,st3gal2,st3gal2.1,F6PX86
GeneID:100490370,LOC100490370,klf7,F6QA23
GeneID:493509,stx11,znf385b,F6VUS3
GeneID:100498261,phka2,phka1p1,F6WBB6
GeneID:779992,eif2ak2,cabp4,Q0P4K2
GeneID:549511,nup37,prr29,Q28D02
GeneID:100145634,c4h1orf112,c1orf112,A0A8J1JCV8
GeneID:101731566,znf783,LOC101731566,A0A8J1JT39
GeneID:100145050,cfap73,TNeu058c09.1,B0BMJ2
GeneID:496633,LOC496633,prss1.2,Q5M910
GeneID:394614,arf5,ppp1r14c,Q6P7Z6
GeneID:100485989,LOC100485989,XB5817984,A0A7D9NMG7
GeneID:100496189,LOC100496189,LOC116407757,A0A803JEH1
GeneID:100494057,flacc1,flacc,A0A8J0SY87
GeneID:100488078,cyp4b1.4,XB5810926,F6PIC2
GeneID:100489561,sbk1l,tmem52,F6ZIA8
GeneID:100495572,lpin3,lin28a,F7DXS7
GeneID:733505,c1h18orf32,TEgg055k19.1,Q28I13
GeneID:116408866,nms,pdcl3,A0A6I8R5U9
GeneID:779604,c7h1orf174,NA,A0JM83
GeneID:100489510,LOC100489510,p2ry8,F6Z397
GeneID:549281,c9h2orf69,c2orf69,F7BJF0
GeneID:493230,adissp,NA,Q68FA2
GeneID:100489788,LOC100489788,XB5953084,A0A803JYA7
GeneID:100145161,LOC100145161,XB5727064,B0JZ67
GeneID:549997,dmac2l,cd151,Q0D2C0
GeneID:100496660,or5l1,LOC101734592,A0A6I8S7N9
GeneID:549220,tafazzin,taz,A0A8J0SZL6
GeneID:100379990,aspm,dennd1b,F6URN1
GeneID:101730988,LOC101730988,prss2,F6YJN1
GeneID:100489054,LOC100489054,XB22166511,F7A698
GeneID:100101768,shc3,klhl21,L7MUI0
GeneID:100488904,faap100,tmem178.2,Z4YP89
GeneID:100493421,rep15,grik5-like.1,A0A7D9NJL4
GeneID:101730473,LOC101730473,LOC101733134,A0A803JN77
GeneID:100379842,guca1bl,LOC100379842,A0A8J0R2L0
GeneID:100488924,c1h2orf81,c2orf81,A0A8J1IZN5
GeneID:100486931,asb8,jmjd6,F6TN98
GeneID:116411633,LOC116411633,LOC100496752,F6XTM2
GeneID:100335043,hba-l4,HBA-L4,Q38IW2
GeneID:116410450,LOC116410450,XB5769266,A0A6I8RWM2
GeneID:100135367,LOC100135367,XB941699,F6RIB7
GeneID:100497124,LOC100497124,XB994602,F6TL36
GeneID:407902,oxsr1,ighmbp2,F7BZ31
GeneID:100497556,LOC100497556,XB5863530,F7DBK4
GeneID:100495694,zxdc,asb8,F7EHA1
GeneID:779738,taf4,mtmr14,Q0IJ02
GeneID:779842,MGC147117,mgc147117,Q0V9G7
GeneID:100038101,h3-3b,TGas113e22.1,Q6P823
GeneID:100485773,cupin1,XB5953480,A0A6I8Q6G2
GeneID:100496685,inpp1b,LOC100496685,A0A803JQR9
GeneID:100488900,th,fbxw8,F6QRF6
GeneID:100495112,KIAA1755,kiaa1755,A0A6I8PZ35
GeneID:100216114,LOC100216114,XB5960519,A0A6I8RT34
GeneID:100485303,LOC100485303,LOC116406747,A0A6I8SIP7
GeneID:100490936,tecta,tecta.1,A0A7D9NL93
GeneID:733735,LOC733735,XB5748694,Q28G75
GeneID:733532,birc5,birc5.1,Q28H51
GeneID:100380178,LOC100380178,b3galt2l,A0A803KFB6
GeneID:549723,cluap1,LOC549723,A0A803KJS5
GeneID:100489485,cyren,LOC100489485,A0A8J0QXC7
GeneID:448108,MGC69309,mgc69309,F6U353
GeneID:100145114,cwc27,cthrc1,F6YQ98
GeneID:100495473,LOC100495473,fabp4,F6YY56
GeneID:394888,ppp2ca,csf1,Q6P365
GeneID:101733245,trim39l,trim39l.1,A0A803K692
GeneID:100494130,mhc1-uba5,LOC100494130,A0A8J0R7H6
GeneID:116406942,LOC116406942,LOC116406736,A0A8J1IP40
GeneID:100496024,mhc1-uba14,LOC100496024,A0A8J1IQ11
GeneID:100145155,LOC100145155,XB5947713,B0JZ58
GeneID:100145442,LOC100145442,XB5760648,B1H2M6
GeneID:100489060,LOC100489060,pzp,F6TCS3
GeneID:549249,hbe1,hbb2,P08423
GeneID:548447,pnmt.2,mgc107884,Q5FW19
GeneID:100145774,noxo1.2,noxo1.1,A0A8J0SYZ6
GeneID:733523,ofd1,slc2a11.3,F7A369
GeneID:100145011,LOC100145011,XB5866417,F7BBS5
GeneID:100135007,dido1,cdk17,F7CLW4
GeneID:779641,tmt1a,mettl7a,Q0VFQ8
GeneID:100127805,LOC100127805,XB5885669,A0A6I8PYW9
GeneID:100271753,scppa2,LOC100271753,A0A6I8RBL6
GeneID:101731927,LOC101731927,LOC101731994,A0A803J2B9
GeneID:100124842,LOC100124842,XB5957220,A4IHG4
GeneID:100170593,pou5f3.3,pou5f1.3,B3DM23
GeneID:100486377,ufl1,ap1g1,F6RS91
GeneID:448451,plk3,rab11fip4l,F6ZDC6
GeneID:100145485,ndor1,elovl7,F7DMQ8
GeneID:779529,commd1,lyve1,A0A803KI61
GeneID:549532,clxn,efcab1,A0A8J0SN99
GeneID:100491983,kcnh2,kcnh6,A0A8J1JNY0
GeneID:548351,LOC548351,XB5731323,Q28EX0
GeneID:100127596,LOC100127596,XB5868338,A0A803JK75
GeneID:448361,krt78.7,krt5.4,A0A803KKU3
GeneID:548845,rlim,rnf12,Q07G42
GeneID:100492872,marco,LOC100492872,A0A1B8XSL0
GeneID:101733884,tmem240,akr1a1,A0A5G3JE16
GeneID:100496619,tmem143,hoxa3,A0A7D9NJM7
GeneID:100491139,trim2l,trim26,A0A803JG29
GeneID:548742,dnajc5,LOC548742,Q05AT3
GeneID:100380143,uqcc6,c12orf73,A0A6I8SV98
GeneID:100486384,LOC100486384,kmt5a,A0A5S6KTE9
GeneID:100127659,LOC100127659,XB5765667,A8KBF9
GeneID:100127860,LOC100127860,deup1,A9JTV3
GeneID:100485158,agbl1,prph2l,F6QLJ5
GeneID:100486870,LOC100486870,h2bc21,F7C6D9
GeneID:100496651,LOC100496651,homeobox100496651-provisional,A0A6I8S867
GeneID:549100,c2h11orf54,c11orf54,A0A8J0SEJ4
GeneID:100145348,LOC100145348,XB5852574,B1H1E2
GeneID:100494451,ncdn,fbxl7,F6ZZX4
GeneID:100489128,LOC100489128,loxl2,F7CL13
GeneID:100495336,mhc2-dma,mhc2a,F7EMH0
GeneID:733821,c7h1orf159,c1orf159,A0A803JS40
GeneID:100496334,KIAA0408,kiaa0408,A0A8J0QS44
GeneID:100144997,actmap,c19orf54,A0A8J0SUU3
GeneID:116410361,ncr3lg1l.2,LOC116410361,A0A8J1JFA1
GeneID:100135138,LOC100135138,XB5843130,A9JSD4
GeneID:100493636,slc23a1,zfyve9,F7DHZ9
GeneID:100494799,bpi5,bpi.4,A0A6I8QHS4
GeneID:100489240,lmtk2,gbx2.2,A0A7D9NMH8
GeneID:100491166,LOC100491166,XB877238,A0A803JRH6
GeneID:100489343,slc24a4,cyp2a6.1,F6YZS6
GeneID:100216250,kdm1a,edc4,F6ZUK1
GeneID:733522,c2h3orf38,c3orf38,Q28HF7
GeneID:394487,MGC75753,mgc75753,Q6PBE6
GeneID:100216027,LOC100216027,XB5994047,A0A803K9V7
GeneID:100485875,polr1g,cd3eap,A0A8J0QJ96
GeneID:100170467,KIAA1958,kiaa1958,A0A8J0S7Q4
GeneID:100145565,rexo1,wdr53,F6UXA0
GeneID:493235,MGC79670,mgc79670,F6VZN8
GeneID:100490530,LOC100490530,XB5871767,L7N3I5
GeneID:100145482,nadsyn1,LOC100145482,A0A803KL75
GeneID:100145005,mhc1-uba7.3,mr1,A0A8J0QTS3
GeneID:100144286,LOC100144286,XB5730431,B0BLR5
GeneID:100145547,zbtb8b,pou5f3.1,F6SWD4
GeneID:549354,camlg,st3gal3,F6ZKU5
GeneID:394853,mdm2,ankib1,F7CYT9
GeneID:100493378,LOC100493378,agfg1,L7N2J4
GeneID:394789,tlcd4.2,tlcd4,Q6P4N1
GeneID:448685,rbm6,rps20,A0A803JEM6
GeneID:100486056,LOC100486056,XB5896327,A0A803JQD5
GeneID:116406494,LOC116406494,LOC116406771,A0A8J1IPK2
GeneID:116406481,mhc1-uba2.1,LOC116406481,A0A8J1IQ18
GeneID:100135183,slc15al,slc51a-like.1,A0A8J1J0Y7
GeneID:105946662,dmd,dmd.3,A0A8J1J858
GeneID:100496985,mtss2,mtss1l,A0A8J1JFQ0
GeneID:100145035,LOC100145035,XB5864909,B0BMF3
GeneID:780261,mtss1,mtss1.1,Q0V9T7
GeneID:100495489,itgad,LOC101731775,A0A6I8Q475
GeneID:100497495,LOC100497495,XB956055,A0A803KFH1
GeneID:100145612,KIAA1328,kiaa1328,A0A8J1J267
GeneID:101735002,LOC101735002,LOC116412298,A0A8J1JWC8
GeneID:549870,acer2,scg3,F7B6Q5
GeneID:100487856,avpr1b,pcdh1,F7EHY9
GeneID:100495513,c3h2orf68,c2orf68,A0A6I8RIU1
GeneID:100493774,LOC100493774,myh14,A0A6I8RVP5
GeneID:100493093,LOC100493093,LOC101734056,A0A8J0R404
GeneID:447977,hrg,trak1,F6RNU6
GeneID:100145541,LOC100145541,XB5919979,F6XRR5
GeneID:100485893,bmp15,nid1,F7A132
GeneID:100145507,acd,XB5835883,F7ACF0
GeneID:619585,MGC108322,mgc108322,Q569D6
GeneID:100497109,LOC100497109,abhd15,A0A6I8PTG5
GeneID:100489586,slc22a20,slc22a20p.1,A0A6I8QEK2
GeneID:496693,gstt1-like.2,LOC496693,A0A8J1IRJ0
GeneID:116409615,LOC116409615,LOC116409614,A0A8J1J8L5
GeneID:100135416,gnrhr2/nmi,GNRHR2/nmI,A9XCD9
GeneID:780345,oplah,thrsp,F6WQY5
GeneID:100496361,slc6a4l,lyl1,F7B9G1
GeneID:100495721,agbl4,bend5,A0A6I8QXB9
GeneID:100135070,LOC100135070,XB5802730,A9JR66
GeneID:448272,mrps34,cdr2l,F6V0A3
GeneID:100494244,notch3,tdrd7,F6XA19
GeneID:100497013,sbno2,ak4,F6YBZ3
GeneID:100380020,rp2,ndnfl1.1,F7BFF8
GeneID:100125188,nacc2,hivep3,F7D5N2
GeneID:613112,MGC108497,mgc108497,Q4VA69
GeneID:496730,rgs9bpl,rgs9bp,Q5M8K0
GeneID:100496567,engase,otop3,A0A7D9NLE4
GeneID:100493618,LOC100493618,LOC116409722,A0A803JA41
GeneID:779900,phf19,psmd5,A0A803KDV0
GeneID:100498204,znf585bl,LOC100498204,A0A8J0QNW9
GeneID:100145076,odad4,ttc25,A0A8J1J0Q0
GeneID:100486153,hapln2,tex26,F7A729
GeneID:394453,hbg1,hbb1,P07429
GeneID:448166,cnbp,znf9,Q28IH9
GeneID:493288,gdf3,derriere,Q66KL4
GeneID:100170549,LOC100170549,XB5969698,A0A6I8PZB9
GeneID:780139,art1,mt-cyb,A0A7D9NKY6
GeneID:394575,upk3a,nup50,A0A803JE15
GeneID:734009,LOC734009,XB5726464,A0A803KAV4
GeneID:100125068,gsg1lr,gsg1l,A4IIV4
GeneID:100127682,LOC100127682,XB5944457,A8WGF5
GeneID:595009,MGC108429,mgc108429,F6V986
GeneID:549810,znhit1,mad2l2,F7BTC1
GeneID:394862,pdlim4,sphk2,Q6P3Q7
GeneID:100216128,LOC100216128,XB5961956,A0A803JPS8
GeneID:780217,ppp1r12b,MGC147400,A0A803KK91
GeneID:100490816,LOC100490816,am5,A0A810QS58
GeneID:100124813,KIAA2013,NA,A4IH88
GeneID:101733393,steap2,grm2,F6YGT5
GeneID:100486031,LOC100486031,XB5727110,F6YPG9
GeneID:733966,sass6,gsr,F7CJ32
GeneID:780237,c2h11orf87,NA,Q0VFL4
GeneID:3283502,mt-nd5,nd5,Q5G7I0
GeneID:448344,c5h6orf120,NA,Q6DIW0
GeneID:100145508,mhc2-dab,hla-drb1,A0A803JRK4
GeneID:100380021,c1h14orf93,c14orf93,A0A8J0QT52
GeneID:100493854,mgat2l,XB22169453,F6QME8
GeneID:548930,ttpal,XB5835757,F7C3R4
GeneID:733885,trim29,ccdc171,F7CUP8
GeneID:100497443,LOC100497443,XB5892359,F7EHV4
GeneID:733855,LOC733855,XB5759442,Q28DI4
GeneID:100328980,LOC100328980,stimate,Q6DII1
GeneID:100496844,LOC100496844,XB5814630,A0A6I8QCI4
GeneID:116410412,LOC116410412,b3gat2,A0A7D9NJQ1
GeneID:100496861,cyp2a6.10,cyp2a13l,A0A803JXM1
GeneID:116406987,LOC116406987,LOC116406986,A0A8J1IRF2
GeneID:100127181,dtx1,tor3a,F7CWT1
GeneID:100486382,slc4a11,pcyt1b,F7DFG0
GeneID:100494807,rxfp1,ei24,A0A7D9NJN6
GeneID:100491954,c1h4orf48,c4orf48,A0A803J543
GeneID:105945150,morc3.2,LOC105945150,A0A8J0SYS9
GeneID:493291,nat8.4,cml,Q66KL0
GeneID:100145527,LOC100145527,XB5885308,B1H307
GeneID:100490267,lancl3,ctbp2,F7BWS3
GeneID:100127684,spns1,tnfsf13b,F7CYU8
GeneID:550097,atg16l1,atg16,Q5I0B9
GeneID:116406470,LOC116406470,serpina3k,A0A6I8Q1K8
GeneID:116408710,LOC116408710,LOC116408709,A0A8J1J305
GeneID:101733879,ap5z1,LOC101733879,A0A8J1JQ53
GeneID:100491941,rpap2,pabir3,F7DS87
GeneID:493495,LOC493495,wnt11b-1,Q66II0
GeneID:100145045,mapk12l,mapk12,A0A6I8PVD5
GeneID:100127660,dalrd3,LOC100127660,A0A803KKJ9
GeneID:100135111,gatd3,gatd3a,A0A8J0QS82
GeneID:100127618,c2hxorf58,cxorf58,A0A8J1J5Y8
GeneID:733738,irak4,maz,B1H1F5
GeneID:100490416,slc6a17,slc6a8,F6QY29
GeneID:549898,zmat3,azi2,F6VXG8
GeneID:394505,slc5a8,slc5a8.1,A0A8J0QHQ0
GeneID:496458,rab11b,rab11b.1,Q5XH99
GeneID:100145450,LOC100145450,MGC115716,A0A6I8PM42
GeneID:100487803,atosb,fam214b,A0A6I8RK85
GeneID:100145324,stra6l,stra6l.1,A0A8J0SE58
GeneID:779811,c3h5orf24,c5orf24,A0A8J1JB50
GeneID:100489375,prph2l,pds5a,F6ZCC3
GeneID:100038045,slf2,slc12a5,F6ZZK7
GeneID:100127182,igfbpl1,phkg2,F7DQF2
GeneID:448330,bicdl2,nat8.5,A0A5S6LRX9
GeneID:100497395,LOC100497395,XB5832479,A0A6I8S2U8
GeneID:548842,golm2,casc4,A0A8J0PGW7
GeneID:100495225,mhc1-uba16.1,LOC100495225,A0A8J1IMD3
GeneID:100145105,LOC100145105,XB5762393,B0BMS3
GeneID:780036,usp1,phf21a,F6RLV2
GeneID:100489356,fbxl21,fbxl21p,F6VSY9
GeneID:100488949,map3k9,srgap3,F6ZUF3
GeneID:101732279,LOC101732279,XB5952314,F7BAS6
GeneID:548865,arl10b,angpt4.2,Q28F86
GeneID:493190,lpar2,fbxo22,Q68PF6
GeneID:407895,atad3a,atad3,Q6NVR9
GeneID:101734831,LOC101734831,sia4,A0A1B4ZDL3
GeneID:100492075,mmp21l,LOC100492075,A0A6I8PXZ8
GeneID:100492422,ttll13,ttll13p,A0A6I8SVG9
GeneID:100379825,ltc4s,ltc4s.1,A0A803J7H0
GeneID:100170639,dclre1b,proser1,F7D944
GeneID:733551,LOC733551,XB5723326,Q28GN1
GeneID:394709,MGC76132,mgc76132,Q6P626
GeneID:779553,LOC779553,XB5835757,A0A6I8PNS4
GeneID:549243,cdin1,c15orf41,A0A8J1ILG8
GeneID:549116,c1h4orf33,c4orf33.1,A0A8J1JCU9
GeneID:100144947,LOC100144947,XB5949738,B0BM19
GeneID:100486237,znf653,impa2,F6TG82
GeneID:100496544,zbtb1,tmem35b,F6U5H2
GeneID:548801,anxa4,fzd6,Q28ET2
GeneID:496764,LOC496764,XB5810166,Q5M8G5
GeneID:100497555,LOC100497555,XB5721690,A0A6I8S2A9
GeneID:100486518,nalf1,fam155a,A0A803K6T7
GeneID:100486227,lsm8,znf608,F6VGY7
GeneID:100487362,LOC100487362,LOC116406763,A0A803JRE6
GeneID:100496026,ppil6,zar1l,A0A803KIX6
GeneID:100493155,c1h22orf15,c22orf15,A0A8J0QIR3
GeneID:496905,commd9,rnf38,F6Q0V9
GeneID:100329139,snupn,XB990428,F6TAQ8
GeneID:100496061,LOC100496061,XB5873314,F6UXP9
GeneID:548775,crx,otx5,Q28EM7
GeneID:100493771,LOC100493771,XB5764007,A0A6I8PNT7
GeneID:100496476,atp13a5l.1,atp13a5l.2,A0A6I8RJM3
GeneID:101732837,zscan30,LOC101732837,A0A8J1JUB6
GeneID:100125051,slc47a2,slc47a1,A4IIS8
GeneID:116406634,cyp2a6.13,LOC116406636,F6X9Z3
GeneID:594965,MGC107841,mgc107841,F7CJW9
GeneID:100379859,c5h2orf50,c2orf50,F7CVB1
GeneID:116408897,LOC116408897,mmp13,Q4QQQ9
GeneID:448527,MGC79752,mgc79752,Q6DFP0
GeneID:100491230,nkiras2,gtsf1,A0A7D9NJN9
GeneID:100124739,adarb1,sco2,F6XZW9
GeneID:100124783,LOC100124783,XB5843935,Q08CZ3
GeneID:448531,LOC448531,pdcd4,Q6DFN6
GeneID:100038116,xpo7,slc38a7,F7CAS1
GeneID:496763,impact,impact-A,Q5M8G6
GeneID:100491297,disp3.2,cisd3,A0A7D9NLH1
GeneID:448278,c4h19orf12,c19orf12,A0A803K085
GeneID:496972,cela1.5,LOC496972,A0A803KIU3
GeneID:100489322,mgat4b,LOC100489322,A0A8J0SZT1
GeneID:780213,esrra,cnpy2,A0JM86
GeneID:100145417,KIAA1191,kiaa1191,B1H2F9
GeneID:100496485,ca1,sh2d3c,F6ZUY9
GeneID:100125177,ccdc12,cbfa2t3,F7EIK9
GeneID:100496001,akap6,best3,A0A7D9NKQ4
GeneID:100491211,LOC100491211,fucolectinloc100491211,A0A803J2N0
GeneID:100498371,LOC100498371,XB5959262,A0A803K4T5
GeneID:394883,gyg1,vax2,F6VIR5
GeneID:100158513,ptpra,slc8a3,F6X0U7
GeneID:100493496,fstl4,rictor,F7A7C4
GeneID:100145147,nhej1,plcb2,F7AXY0
GeneID:100492185,als2cl,gal.2,F7B472
GeneID:779909,nat16,hisat,Q0P4Y1
GeneID:448304,lmo4.1,lmo4.2,Q6DJ06
GeneID:100488530,urgcp,LOC101735070,A0A6I8RA08
GeneID:108648315,LOC108648315,LOC100497017,A0A8J0STL9
GeneID:100038189,fgg,fam171a2,F6SPR7
GeneID:549796,atp5pf,dvl1,F6UXD7
GeneID:100124814,rbm11,cep57l1,F7BY66
GeneID:100125120,prpf39,prpf39.1,F7DLM1
GeneID:549428,c4h11orf58,smap,Q0IIX4
GeneID:100485546,slc7a2,slc7a2.1,A0A6I8QVC0
GeneID:548483,tfpi2,MGC108301,A0A803KIS5
GeneID:100488372,c8h19orf33,c19orf33,A0A8J0T6L2
GeneID:100486760,pkhd1l1,pkhd1l1.1,A0A8J1JQ23
GeneID:100145084,LOC100145084,XB5798854,B0BMP5
GeneID:100216133,LOC100216133,XB5993457,B4F717
GeneID:100497503,LOC100497503,LOC100497808,F6YP15
GeneID:100487935,galntl6,znf414,F7AN95
GeneID:496718,iyd,zfp91,F7BBN5
GeneID:100491286,LOC100491286,zbtb16,F7CL18
GeneID:549075,nodal1,nodal,Q28GB8
GeneID:548648,fgfr1,trim44,Q28J96
GeneID:100492190,LOC100492190,LOC101734775,A0A6I8SRP0
GeneID:100491461,prss27.3,XB5892933,A0A7D9N0H9
GeneID:116411996,LOC116411996,LOC116411995,A0A8J1JUF2
GeneID:100145593,ripply3,dscr6,B1H3B4
GeneID:101734133,LOC101734133,MCHR2b,W0RZF0
GeneID:100491983,kcnh2,kcnh6,A0A803JQ59
GeneID:394909,pabir3,fam122c,A0A8J0SKI8
GeneID:733913,c8h9orf78,ints7,F6WZL2
GeneID:100124842,LOC100124842,XB5957220,F6Z4N6
GeneID:100379914,lmod1,snx25,F7BD13
GeneID:779961,pcsk5,fur2,Q0P4Q8
GeneID:100485462,LOC100485462,XB996620,A0A7D9NMG5
GeneID:100145273,jph1,LOC100145273,A0A803KLK6
GeneID:447976,mhc1-uba13.2,mhc1b2,A0A8J0QH19
GeneID:100485377,c7h10orf53,c10orf53,A0A8J0R5I2
GeneID:101730649,LOC101730649,LOC101730587,A0A8J1IUU3
GeneID:549154,LOC549154,XB5931222,Q28GZ2
GeneID:100335029,il9,IL-9,Q38JW2
GeneID:100491805,LOC100491805,XB996286,A0A6I8PZA9
GeneID:100496636,c3h15orf39,c15orf39,A0A803JNP0
GeneID:100145027,LOC100145027,XB5907626,F6QM14
GeneID:100485866,wfdc8l,XB22169518,A0A6I8QJ14
GeneID:100488256,LOC100488256,XB6050834,A0A803JE58
GeneID:100498645,LOC100498645,XB5962542,A0A803K2D2
GeneID:548369,LOC548369,XB5734592,A8WGW8
GeneID:100135371,LOC100135371,XB5774338,A9UMJ4
GeneID:100497226,tnks,tnks2,F6UWD2
GeneID:100487033,slc19a1,gadd45b,F7EDM0
GeneID:733825,c7h8orf76,c8orf76,Q28E51
GeneID:100486065,mtnr1al,LOC100486065,A0A6I8RCP9
GeneID:100494601,LOC100494601,LOC116412356,A0A803J572
GeneID:100497843,KIAA0319,kiaa0319,A0A803K4X1
GeneID:100493594,ptprvl,LOC100493594,A0A8J0QLL9
GeneID:100496580,cat2,tmem123,F6Z3W8
GeneID:549363,c6h1orf35,c1orf35,Q28I88
GeneID:100496607,vn2r1,vn2r1p,A0A6I8PK71
GeneID:100495977,c4h11orf96,c11orf96,A0A6I8QG13
GeneID:100492059,tbc1d8,tbc1d8b,A0A6I8SUW9
GeneID:100494680,LOC100494680,XB5846730,A0A803K6Z8
GeneID:448677,MGC89871,LOC448677,A0A8J0SE03
GeneID:100496639,mhc1-uba7.6,LOC100496639,A0A8J1ISF8
GeneID:100158459,LOC100158459,XB5956456,B2GNE8
GeneID:549435,c1h9orf85,c9orf85,F6THS4
GeneID:100487852,LOC100487852,cep192,F7BYX9
GeneID:116406439,LOC116406439,has-rs,F7CHW5
GeneID:100491743,LOC100491743,LOC101733442,A0A6I8PJ95
GeneID:100488302,KIAA1456L,kiaa1456l,A0A6I8SZN4
GeneID:100496955,XB22169526,xbg100496955,A0A8J0QP77
GeneID:100497322,wfdc1,calhm6,F6XDV2
GeneID:549918,dap,rps6ka5,Q4VA85
GeneID:496621,c8h6orf136,c6orf136,A0A6I8PTL6
GeneID:100497033,LOC100497033,LOC116406533,A0A803J7D9
GeneID:100497076,v2ra1,LOC100497076,A0A8J1IPY6
GeneID:100127779,ccdc160,NA,A9JSR5
GeneID:100490588,rbm15,ncoa4,F6QUY1
GeneID:100490935,c2h11orf65,c11orf65,F6V162
GeneID:394982,MGC75582,NA,P20399
GeneID:100038038,sia1,siamois,Q28G02
GeneID:100486741,LOC100486741,XB5887600,A0A6I8QP63
GeneID:100485159,LOC100485159,XB983422,A0A6I8SRQ8
GeneID:100124324,ube2c,tmem208,A0PJP2
GeneID:100485774,LOC100485774,cst3,F6RSF0
GeneID:100491775,slc35a3,slc35a3.1,F6U699
GeneID:549525,eeig2,fam102b,F6USB9
GeneID:100170560,LOC100170560,XB964897,F7DSB0
GeneID:780167,MGC147631,mgc147631,Q08CW4
GeneID:100496521,top1,top1.1,A0A6I8QED0
GeneID:100038071,ccnd2,tigar,A0A803J2X6
GeneID:100496408,mstn,mstn.1,A0A803JS15
GeneID:100489313,kbtbd13,marchf9,F6U0R1
GeneID:100496027,LOC100496027,h3c13,A0A1B8XZW2
GeneID:448017,prpf19,prp19,Q28E36
GeneID:548444,MGC107876,mgc107876,Q5FW22
GeneID:496967,selenos,vimp,Q5I030
GeneID:101734616,LOC101734616,LOC101732160,A0A8J1IR37
GeneID:100158544,LOC100158544,XB5950141,F6WK22
GeneID:549559,gpt,gpt2,Q28DB5
GeneID:733553,LOC733553,XB5812047,Q28GK9
GeneID:496499,trub2,Trub2,Q5XGG2
GeneID:448510,slc22a15,slc22a15.1,A0A8J1J4Y4
GeneID:779953,zfyve28a,zfyve28,A0A6I8S1S0
GeneID:100488760,lin7c,lin7b,A0A803K6I0
GeneID:100497907,fancb,LOC100497907,A0A8J0QFL7
GeneID:101731191,cd274,LOC101731191,A0A8J0SR31
GeneID:116408033,LOC116408033,ifn2,A8E6F4
GeneID:100145446,LOC100145446,XB5818699,B1H2N2
GeneID:100329164,LOC100329164,IFNL3,D2DJP7
GeneID:100135363,swap70,pard3b,F6U3R1
GeneID:100490406,kcnh8,rhbdf1,F6W745
GeneID:101734097,LOC101734097,fer1l4,A0A6I8S1E8
GeneID:101731130,LOC101731130,vmo1,A0A803JWU0
GeneID:100485682,cfap95,c9orf135,A0A8J0QRE8
GeneID:100127826,LOC100127826,XB5873751,A9JTQ8
GeneID:394486,MGC75760,zfhx4,F7CB89
GeneID:100496715,neu3,neu3.1,K0PUS8
GeneID:780135,kat14,ribc1,Q08D04
GeneID:100038139,tdgf1,tdgf1.1,A0A803JEF9
GeneID:100145274,gtsf2,LOC100145274,A0A8J0T1D9
GeneID:100127749,ciao3,narfl,A8WH18
GeneID:100145255,LOC100145255,XB5799768,B0JZW0
GeneID:100380131,ints1,gcnt4,F7AYL9
GeneID:100486839,LOC100486839,adh1,A0A6I8PLP4
GeneID:100492444,LOC100492444,cel.2,A0A6I8Q5K7
GeneID:100125107,gdpd3,LOC100125107,A4IGW3
GeneID:100145751,LOC100145751,XB5942349,B1WB61
GeneID:496505,c6h5orf22,c5orf22,F6YRH9
GeneID:100038070,ptges2,rab7b,F7BQU7
GeneID:780317,slc24a3,inhbc.1,F7E255
GeneID:100489252,LOC100489252,LOC100489406,A0A6I8PQ70
GeneID:100497656,lck,uqcrfs1,A0A7D9NMC7
GeneID:100170569,mhc1-uba15,ncib,A0A803JBZ8
GeneID:100488540,LOC100488540,arpc1a,A0A803K5W4
GeneID:100492198,vmn2r26,LOC100492198,A0A8J0QU04
GeneID:108645640,LOC108645640,LOC116408002,A0A8J1IXZ9
GeneID:100037837,myof,myof.1,A0A8J1JU27
GeneID:101730723,LOC101730723,vegfd,F6QJR9
GeneID:407851,tmem178.2,tmem178b,F6V1J6
GeneID:734116,acadl,vps53,Q28BK3
GeneID:116410918,LOC116410918,LOC116408798,A0A8J1J3V9
GeneID:100497889,ddr2,prrc2b,F6ZPJ5
GeneID:496416,rph3al,usp25,Q28GX6
GeneID:493382,LOC493382,polr3e.1,Q66JI8
GeneID:448544,edar,h2bc12,Q6DF68
GeneID:100496550,LOC100496550,XB5962685,A0A6I8PQJ8
GeneID:594891,LOC594891,XB5880825,A0A6I8RIX1
GeneID:395024,myc,MGC76254,A0A803KKD3
GeneID:100170423,c6h7orf57,c7orf57,B2RYZ7
GeneID:100485551,LOC100485551,mtrr,F6RXV9
GeneID:100127850,LOC100127850,XB5730115,Q07FY4
GeneID:779921,ccdc142,MGC145504,Q0P4W4
GeneID:448677,MGC89871,mgc89871,Q6DER4
GeneID:100145210,trpc4ap,LOC100145210,A0A803KLE4
GeneID:100125049,LOC100125049,XB5918805,A4IIS5
GeneID:100135142,timp1,timp-1,A9JSD8
GeneID:100316931,kiss1b,KiSS1,C6F3U0
GeneID:100101796,actr1a,klhl32,F6ZZH4
GeneID:3283500,mt-nd4l,nd4l,Q5G7I2
GeneID:447958,fut1,arpc1a,Q6EV72
GeneID:100497729,LOC100497729,XB5717875,A0A1B8XTN0
GeneID:100485121,kcnh6,kcnh2,A0A8J0SX92
GeneID:105948375,sprtnl.3,LOC105948375,A0A8J0SXP9
GeneID:100170424,btbd1,ifngr1,F6TYK0
GeneID:780081,MGC146850,mgc146850,Q05B15
GeneID:779998,oxsm,alx1,Q0P4J7
GeneID:100496268,LOC100496268,abcb1,A0A6I8R053
GeneID:100497446,mhc1-uba13.4,LOC100497446,A0A8J0R7Z3
GeneID:101734382,LOC101734382,LOC116407506,A0A8J1ISW0
GeneID:101730424,LOC101730424,gtsf1,F6T218
GeneID:100498076,pou5f3,pou5f3.1,F6TLT1
GeneID:100496659,acap1,senp5,F6ZX71
GeneID:100145496,LOC100145496,XB5760632,F7A3K5
GeneID:116407810,LOC116407810,umod.1,F7D2T0
GeneID:549097,polr2l,polr2l.1,Q28GI6
GeneID:733509,c2h1orf109,c1orf109,A0A803K862
GeneID:100489326,LOC100489326,XB5799088,A0A803KFJ0
GeneID:100490766,hhat,rrbp1,F6YU00
GeneID:100145174,LOC100145174,XB5789557,F7BI54
GeneID:493240,c3h12orf4,c12orf4,F7DK45
GeneID:100127624,LOC100127624,XB5901519,F7ELP4
GeneID:548569,steap4.1,mprip,Q5EAM9
GeneID:100170181,pou5f3.2,pou5f1.1,B3DM25
GeneID:100490391,cpt1a,mhc1b-uba6.1,F7CNI6
GeneID:100489552,nkpd1,shd,F6SIB7
GeneID:100126068,zhx1,lsm7,F6SU96
GeneID:100135403,rbmx,mgc147226,F6ZWI8
GeneID:780257,kifbp,Kifbp,Q0IIZ5
GeneID:733932,LOC733932,XB1017155,Q28C70
GeneID:733495,LOC733495,XB5899797,Q28IC5
GeneID:394878,foxi4.2,foxi1,Q6P2Z3
GeneID:100135198,LOC100135198,XB5857568,A0A6I8PU04
GeneID:100495081,mhc1-uba13.5,LOC100495081,A0A6I8QD81
GeneID:100489839,LOC100489839,aldoa,A0A7D9NKW8
GeneID:105948220,LOC105948220,fcrl3,A0A803J7F2
GeneID:100492554,htr3a.2,LOC100492554,A0A8J1JWU7
GeneID:100125166,LOC100125166,XB5856770,A4QNI9
GeneID:100144987,LOC100144987,XB5961849,B0BM83
GeneID:100124937,tmem17,Tmem17-b,F6RWY9
GeneID:100489572,nlrx1,vwc2l,F6YYZ9
GeneID:100495806,tecpr2,atrx,F7A8S5
GeneID:100491706,LOC100491706,nlrp4,A0A6I8RNW0
GeneID:100494814,cmklr2,gpr1,A0A803JQH7
GeneID:780202,ltn1,nmur1,F6U7I8
GeneID:549994,anapc13.1,anapc13,Q28IW8
GeneID:448423,nherf1,slc9a3r1,Q6DIL7
GeneID:779592,LOC779592,XB5892679,A0A6I8PSC9
GeneID:100487776,atp2b2,atp2b4,A0A6I8REL0
GeneID:100496847,wdcp.2,LOC100496847,A0A6I8S3W0
GeneID:100379819,c1h4orf47,c4orf47,A0A803J2Q7
GeneID:100494930,mhc1-uba13.3,LOC100494930,A0A8J0R8A7
GeneID:100486268,LOC100486268,sult5a1,F6PWM4
GeneID:100038063,slc12a3l,slc12a3,F6R6I8
GeneID:548713,c4h1orf52,TEgg012e12.1,Q28E54
GeneID:394673,acta4,act3,Q6P8G3
GeneID:100127180,slc6a14,slc6a14.1,A0A6I8Q319
GeneID:100127730,adora1,LOC100127730,A0A803KI49
GeneID:549366,adcy8,LOC549366,A0A8J0PI68
GeneID:550004,ndufb10,elp6,A4QNF0
GeneID:548658,hba3,hba-l8,P08422
GeneID:549123,rhof,pias1,Q28GP9
GeneID:448613,pola2,vgll1,Q6DEY9
GeneID:100493271,LOC100493271,XB982628,A0A6I8PNW1
GeneID:100496423,LOC100496423,XB5932841,A0A6I8PUN7
GeneID:100490291,LOC100490291,XB5738351,A0A6I8S744
GeneID:496909,cela3a,LOC101734670,A0A803J7K0
GeneID:116406461,LOC116406461,ugt1a6,A0A803JQI5
GeneID:105945848,moxd2,LOC105945848,A0A8J0SAN8
GeneID:100497020,LOC100497020,wipf3,F6R5P2
GeneID:100486206,LOC100486206,dhfr,F7CRR0
GeneID:3283496,mt-atp8,atp8,Q5G7I6
GeneID:100487067,LOC100487067,LOC100491383,A0A6I8R705
GeneID:100489736,nherf4,pdzd3,A0A803JEV0
GeneID:100492104,c9h16orf71,c16orf71,A0A8J0QM05
GeneID:100497751,pebp1,pebp1.1,A0A8J0QTJ0
GeneID:100493954,mhc1-uba7.4,LOC100493954,A0A8J0S5P6
GeneID:100487674,xbg100487674,XB22169562,A0A6I8PY78
GeneID:100490937,tex49,LOC100490937,A0A8J0QMG5
GeneID:100487874,or5f1l1,or5f1l1.1,A0A8J0QNR2
GeneID:100216148,LOC100216148,XB5992952,B4F740
GeneID:100488097,LOC100488097,XB5838993,F6SBL4
GeneID:100486076,ntn3,qars1,F7AQB4
GeneID:100488309,atoh1,ube2e2,A0A7D9NLY7
GeneID:548461,penk,tmem26,A0A7D9NMD1
GeneID:101731235,LOC101731235,LOC116406974,A0A8J1IR66
GeneID:100487064,lrfn1,lrfn1.1,F6PU11
GeneID:394537,cant1,dynlt3,F6VSE8
GeneID:100488666,snapc4,ndrg4,F7CYJ0
GeneID:394454,hba1,hba-A,P07428
GeneID:548975,mcm6.2,mmcm6,Q28CM3
GeneID:448004,cnfn.1,cnfn,Q6DK93
GeneID:100490531,pcbp1,LOC100490531,A0A8J0R6Q2
GeneID:493330,scamp5,scamp5.1,A0A8J0STA0
GeneID:116408030,bpil,LOC116408030,A0A8J1J1L6
GeneID:100145110,LOC100145110,XB5780651,B0JYS2
GeneID:448414,vps16,caprin2,Q6DIM9
GeneID:100487155,trim69,trim69.1,A0A6I8RQM0
GeneID:100494851,cnnm3,osbpl8,A0A7D9NJL2
GeneID:100145531,LOC100145531,LOC101732876,A0A803J2N8
GeneID:100485066,c4h22orf23,c22orf23,A0A803J7F8
GeneID:780107,mrtfb,mkl2,A0A803KHK0
GeneID:734033,hipk1,chn2,F6VZV4
GeneID:100498609,LOC100498609,cbl,F6Z7Y2
GeneID:733521,LOC733521,XB5767169,Q28HM8
GeneID:100127812,fam47e,LOC100127812,A9JTP4
GeneID:448510,slc22a15,slc22a15.1,F6TDZ0
GeneID:100496911,LOC100496911,XB6038542,A0A6I8SRL5
GeneID:100492235,vstm5,ndufa11,A0A7D9NK89
GeneID:100492299,LOC100492299,XB940087,A0A803JDN0
GeneID:100496808,LOC100496808,XB5722040,A0A803K2R4
GeneID:100487410,sirt3,sirt3.1,A0A8J0SLA8
GeneID:548759,KIAA1143,kiaa1143,F7E7E8
GeneID:496737,LOC496737,XB5856184,Q5M8J3
GeneID:448555,arpc1b,nnt,Q6DF56
GeneID:394819,fam20b,phf14,Q6P4M8
GeneID:394458,nodal3.1,nodal3-B,Q800B9
GeneID:100493287,hycc2,fam126b,A0A6I8R787
GeneID:100495703,mhc1-uba1.2,LOC100495703,A0A8J0QWH3
GeneID:100135163,banf2,baf-l,A0A8J0SKL3
GeneID:100145154,zng1a,cbwd1.1,A0A8J1IZF4
GeneID:548368,LOC548368,XB5945007,F6VFJ1
GeneID:734014,hes5.10,sptlc3,Q28F58
GeneID:100498389,cxcl8a.2,LOC100498389,A0A1B8Y8P4
GeneID:100496598,crygdl.19,LOC116412095,A0A6I8Q3Q8
GeneID:549903,cetn2,cetn1,F6VVZ2
GeneID:100486372,pvalb,tmed6,F7ECE5
GeneID:394711,cops8,csn8,Q6P637
GeneID:116406756,LOC116406756,vgll4l,A0A059XIA4
GeneID:100495183,mhc2-dmb,LOC100495183,A0A6I8PRA1
GeneID:100486918,LOC100486918,fgf7,A0A7D9NJU9
GeneID:100036663,LOC100036663,XB5952314,A0JPD1
GeneID:548945,LOC548945,XB5763442,F6RI56
GeneID:100036600,ptpn4,star,F6X7I2
GeneID:100486088,tgm3l,tgm3l.1,L7N300
GeneID:448726,frg1,cdkn2c,Q6DDA8
GeneID:100485537,LOC100485537,LOC116406591,A0A6I8RU64
GeneID:100497460,LOC100497460,XB5880541,A0A803KDQ6
GeneID:100497919,npdc1,npdc1.1,A0A8J1IN63
GeneID:116410475,LOC116410475,LOC116407496,A0A8J1ISI5
GeneID:100127632,LOC100127632,XB5892895,A8E5X2
GeneID:100492886,gdf11.1,kcng2,L7N3U0
GeneID:549448,tuba4b,tuba,Q28IX8
GeneID:100488065,LOC100488065,XB940402,A0A803KAV6
GeneID:100145333,c6h6orf62,c6orf62,A0A803KJC7
GeneID:100145732,tcp11l2,LOC100145732,A0A803KJT5
GeneID:549016,c1h9orf72,c9orf72,A0A8J0SMK7
GeneID:116406635,cyp2a6.11,LOC116406635,A0A8J1IMX8
GeneID:100379673,ankrd26,ankrd7,A0A8J1JAD4
GeneID:100144919,LOC100144919,XB5850668,B0BLT9
GeneID:100495345,nsun3,dld,F6SQ66
GeneID:100493515,LOC100493515,LOC101733936,F6YKY0
GeneID:549535,ddx17,zbtb1,F7B0D7
GeneID:100170180,carm1,zc3h12c,F7EG74
GeneID:594976,LOC594976,hpd,Q5BKL0
GeneID:101734629,adora3.3,XB1010847,A0A7D9N0I1
GeneID:100124779,slc25a13,homez,F7ATJ7
GeneID:549405,tada2a,espn,Q28IK5
GeneID:548454,dnajb2,maff,Q5FW11
GeneID:448276,LOC448276,b3galt2l,Q6DJ37
GeneID:100497814,c10h20orf85,c20orf85,A0A803JUY6
GeneID:100486917,tex12,urpta-1,A0A8J0T2P7
GeneID:100144290,zfand4,clta,F6QV61
GeneID:100144661,cetn4,fam83e,F6WSL9
GeneID:100495490,fam193a,cdc25b,F6YMV2
GeneID:780305,MGC147172,mgc147172,Q0P4K7
GeneID:394920,eef1a1o,adam28.1,Q6P356
GeneID:100487181,LOC100487181,XB5998702,A0A1B8Y870
GeneID:100170576,KIAA1210,kiaa1210,A0A6I8QJE0
GeneID:100486858,LOC100486858,XB5962940,A0A6I8T0A6
GeneID:100145465,ccdc68,LOC100145465,A0A803KHE5
GeneID:116408615,LOC116408615,LOC101735195,A0A8J1J2P3
GeneID:100135200,KIAA0930,kiaa0930,A9ULG2
GeneID:100038278,hsd11b1l.2,upf1,F7AJD9
GeneID:779674,rnf166,cd28,Q0VFJ0
GeneID:395023,rcn3,snx2,Q6P1S8
GeneID:100494087,mypop2,xbg100494087,A0A8J1JMI7
GeneID:100158542,trim24,ppp2r3b,F7DTT7
GeneID:395041,anp32c,anp32b,Q6P1U7
GeneID:100492887,crygdl.6,crygdl.4,A0A6I8PPF0
GeneID:493302,pcna,clip1,F6RT15
GeneID:100488303,hmox1,gtf2h1,F6U7V2
GeneID:101732850,LOC101732850,lct.1,F6V7M5
GeneID:549892,mnat1,cyb561d1,Q28H72
GeneID:100496298,calm2,calm1,Q641J7
GeneID:100500921,c2h3orf52,c3orf52,A0A6I8STA1
GeneID:100127600,slx9,fam207a,A0A8J0T5P9
GeneID:548478,mospd1,necab2,F6PUC4
GeneID:100488297,klhdc8b,skap1,F6Y434
GeneID:549290,gclm,trim69.1,F7CNX2
GeneID:780026,MGC145330,mgc145330,Q0IHY0
GeneID:100497074,c3h19orf53,c19orf53,A0A6I8R3B7
GeneID:100145496,LOC100145496,XB5760632,B1H2W0
GeneID:100486849,grin3a,dedd2,F7E003
GeneID:779953,zfyve28a,zfyve28,Q0P4S0
GeneID:100485231,LOC100485231,XB22063306,A0A6I8PY83
GeneID:100494196,LOC100494196,XB5844514,A0A6I8SWR4
GeneID:116410531,LOC116410531,LOC116410530,A0A8J1JKS5
GeneID:496988,ndufv1,me1,F6WDT0
GeneID:394502,cbx5,zfp36l2.1,F6XNX0
GeneID:447994,MGC69416,mgc69416,Q6GLI2
GeneID:100489773,LOC100489773,XB5826631,A0A6I8SG51
GeneID:595014,pglyrp1l,pglyrp1-like.1,A0A803JPG3
GeneID:100497088,grm8,grm6,A0A803JZZ5
GeneID:733730,KIAA2026,kiaa2026,A0A8J0SB41
GeneID:733760,ift25,hspb11,A0A8J0SLR5
GeneID:100493991,maml2,b3gnt3.1,F7C5X6
GeneID:548988,kat8,fmnl2,Q28CP4
GeneID:407870,MGC69353,mgc69353,Q6NVL2
GeneID:733928,LOC733928,XB5799681,A0A6I8RWU5
GeneID:100489846,hars1,hars,A0A8J1J9R2
GeneID:100124812,LOC100124812,XB1000829,A4IH86
GeneID:394774,MGC75872,chrna2,F6S047
GeneID:100486083,nfkb1,ccdc71l,F6T195
GeneID:394566,pus3,trim55,F6ZXE9
GeneID:780113,iqcb1,nlgn3,F7CAK5
GeneID:100485688,xicof6.1l,XB22063318,A0A6I8PXF5
GeneID:100489350,c5h1orf198,c1orf198,A0A803JJE7
GeneID:116406634,cyp2a6.13,LOC116406634,A0A8J1IMX4
GeneID:100486222,casp3,casp3.1,A0A8J1J0B2
GeneID:549569,unc119b,mief2,F6VKI1
GeneID:100379934,rasefl,rasef,F7CD83
GeneID:100486817,LOC100486817,zar1l,A0A7D9NLK6
GeneID:100492913,marchf4,pecr,A0A803K5C1
GeneID:101734214,nat2,LOC101734214,A0A8J0R220
GeneID:100492912,zfta,c11orf95,A0A8J0R8D0
GeneID:780342,MGC145260,mgc145260,A0JLZ1
GeneID:100135185,LOC100135185,XB5918646,A9ULC9
GeneID:496695,vdac3,elf2,F7A2F1
GeneID:3283494,mt-cox1,cox1,Q5G7I8
GeneID:100494818,LOC100494818,XB5788060,A0A6I8PJW6
GeneID:100493957,cfap119,ccdc189,A0A6I8QUP9
GeneID:100488828,LOC100488828,XB22062446,A0A6I8RS14
GeneID:100494194,LOC100494194,XB5896658,A0A803K186
GeneID:100127872,LOC100127872,XB5818974,A0A803KJA0
GeneID:100493529,syt2,LOC100493529,A0A8J0R089
GeneID:116410227,ncr3lg1l,LOC116410227,A0A8J1JEA5
GeneID:100125201,kcnj9,kcnj22,A4IIH3
GeneID:780256,MGC145685,mgc145685,Q0V9Z5
GeneID:549936,LOC549936,frs2,Q28I02
GeneID:548520,polr3k,nox4,Q5FVV0
GeneID:100487141,slc10a2,LOC100498575,A0A6I8PLD6
GeneID:100491922,septinl,LOC116411664,A0A6I8QP86
GeneID:101731925,XB22064859,LOC101731925,A0A8J0R7Y5
GeneID:548996,mix23,ccdc58,A0A8J1J582
GeneID:100486862,LOC100486862,XB5900534,F6X5M6
GeneID:780109,c4h1orf21,c1orf21,F6ZQQ0
GeneID:734132,itih2,rtf2,Q496Y6
GeneID:101730546,lrrc30,gdf11.1,F7AXH0
GeneID:780311,raver2,mmaa,F7DFU7
GeneID:549116,c1h4orf33,TEgg072n04.1,Q28GP0
GeneID:548474,MGC107969,mgc107969,Q5FVZ4
GeneID:394486,MGC75760,mgc75760,Q6PBE1
GeneID:101731874,tmprss2,tmprss2.1,A0A6I8RM38
GeneID:100145277,as3mt.1,LOC100145277,A0A8J0QBN8
GeneID:113455423,mhc1-uba13.1,LOC113455423,A0A8J0QHA2
GeneID:100495429,LOC100495429,aox1,F7DW62
GeneID:100488454,c3h15orf61,c15orf61,A0A6I8Q1M6
GeneID:100494488,crp.1,vps54,F6V5K4
GeneID:100380032,smchd1,ndfip1,F6W1M8
GeneID:733916,nudt22,akap11,F7C4F4
GeneID:100496728,ccdc115,XB5795058,A0A6I8SI89
GeneID:100498255,KIAA0825,kiaa0825,A0A7D9NL27
GeneID:394609,mob2,mob2.1,A0A803KKX4
GeneID:549683,c1h14orf119,c14orf119,A9UMR5
GeneID:100488724,nags,stag1,F6X3J6
GeneID:100487659,dok2,sema4g,F7CAR3
GeneID:100125092,LOC100125092,XB5817455,F7CDJ4
GeneID:100485470,rdh11,epn1,F7E802
GeneID:100125214,ocrl,emilin2,L7N2Z0
GeneID:394945,cfd,ami,Q6P326
GeneID:100490177,cfap54,c12orf63,A0A803JXV5
GeneID:493459,MGC89178,hmgn3,A0A803KJI2
GeneID:100488132,fxyd7,LOC100488132,A0A8J1JYM5
GeneID:100216185,camkvl,XB22062963,B5DE04
GeneID:549052,LOC549052,slc19a3,Q28G65
GeneID:100495427,LOC100495427,slc2a9,A0A6I8S995
GeneID:105947015,LOC105947015,slc26a6,A0A6I8SFZ9
GeneID:100380129,c10h17orf80,c17orf80,A0A803JAU2
GeneID:116409813,LOC116409813,h2ac12,B0JZ06
GeneID:100487982,LOC100487982,XB5829846,A0A6I8PWR1
GeneID:100493194,LOC100493194,XB5761350,A0A803JCS7
GeneID:595080,slc25a48,MGC108187,A0A803KHI9
GeneID:496885,angptl3,LOC496885,A0A803KLC1
GeneID:100170498,hecw1,LOC100170498,A0A803KLQ8
GeneID:100496484,arid3b,hoxa6,F7B3D8
GeneID:100038206,eya3,ppm1g,F7BR08
GeneID:100497057,cfap210,ccdc173,F6T2H0
GeneID:100216224,vac14,mrpl47,F6ZMI8
GeneID:100485583,LOC100485583,XB990108,F7EFT3
GeneID:100125059,dop1b,fgl1b,G1K3C1
GeneID:780322,vps9d1,ppm1a,Q0IHM4
GeneID:100490748,phyhdla.2,phyhdla.1,A0A5G3I9B4
GeneID:100485054,LOC100485054,LOC100494633,A0A803JH23
GeneID:548968,rufy2,Rufy2,A0A803KIS6
GeneID:100491139,trim2l,trpm2l,A0A8J1J8H5
GeneID:100158647,trappc14,map11,A0A8J1JA56
GeneID:100496994,nodal6,poldip2,F6RWS7
GeneID:733522,c2h3orf38,c3orf38,F6ZMC0
GeneID:780323,mapkapk3,crnkl1,F7C1G4
GeneID:100489955,avpr2c,avpr2.2,A0A6I8QG78
GeneID:100486640,LOC100486640,XB990656,A0A6I8RK31
GeneID:448308,tmem128l,tmem128,A0A803JLR5
GeneID:100496047,LOC100496047,LOC101734087,A0A803JMJ3
GeneID:100038207,skic2,skiv2l,A0A8J0QYH0
GeneID:100135155,cibar1,fam92a,A0A8J0SQ86
GeneID:100127716,LOC100127716,XB5962421,A8WGX7
GeneID:100127729,c10h17orf67,c17orf67,A8WGZ3
GeneID:116410567,LOC116410567,LOC116407765,A0A1B8XUM2
GeneID:100145331,LOC100145331,XB984297,A0A6I8QM75
GeneID:100493614,krt18.3,krt18.1,A0A803JE97
GeneID:100496369,c6h10orf67,c10orf67,A0A8J0SRZ8
GeneID:734110,trim36,rbfox2,F6YTR4
GeneID:101735289,vtcn1.2,vtcn1,F7B0N0
GeneID:549513,cdc23,txnip,Q28D09
GeneID:548792,LOC548792,grina,Q28ER2
GeneID:733728,LOC733728,XB5893022,A0A6I8PK37
GeneID:116406428,LOC116406428,parp9,A0A803JF47
GeneID:100037907,b3gat1,abhd13,A4IGU2
GeneID:100145061,c8h1orf43,c1orf43,B0BMK9
GeneID:100144987,LOC100144987,XB5961849,F6QI09
GeneID:496834,foxj1,gcdh,F7CBH3
GeneID:100496837,LOC100496837,XB5871033,A0A6I8Q7F2
GeneID:100488573,ddr1,lrrc8d,A0A7D9NM97
GeneID:100485911,KIAA1257,kiaa1257,A0A8J1JH70
GeneID:100494388,c9h3orf70,c3orf70,F6TD01
GeneID:100489221,LOC100489221,XB5863395,F7DG02
GeneID:100493323,garem1,mcm3,F7ETG3
GeneID:734042,LOC734042,XB5727514,Q28D74
GeneID:549879,pigc,LOC549879,A4IID8
GeneID:100487994,npbwr1,tbc1d30,F6U6V1
GeneID:100485636,LOC100485636,cxcr3,F6ZGF2
GeneID:100494492,pdgfc,radx,F7CBF7
GeneID:100494240,c8h14orf28,c14orf28,F7DLM7
GeneID:448675,h2az1,h2a.zl,Q6DER6
GeneID:733858,LOC733858,XB5954440,A0A6I8Q0A8
GeneID:100486470,inpp5e,sec16a,A0A6I8SFA3
GeneID:100495410,cenatac,ccdc84,A0A8J0R629
GeneID:100494289,prss8l.5,prss8l100494289,A0A8J1IUV6
GeneID:100037908,sfrpx,pik3r3,A4IGU5
GeneID:100135384,LOC100135384,XB5886928,A9UMK7
GeneID:100487324,fbln2,XB5809687,F6PRI8
GeneID:100216106,dtd2,sec22c,F6QNU7
GeneID:100125173,g6pc1,g6pc1.1,F6VZ50
GeneID:733766,thap7,tox,F7BK87
GeneID:100327255,nudt16,cuta,F7C388
GeneID:100494656,cep89,tgs1,F7C429
GeneID:733726,LOC733726,XB5959819,Q0V9G4
GeneID:734122,LOC734122,XB5884180,Q1L0I6
GeneID:100490820,krt78.4,krt78.3,A0A6I8S576
GeneID:100497220,KIAA1614,kiaa1614,A0A6I8S5W2
GeneID:100487533,LOC100487533,klk1,A0A6I8SIB6
GeneID:100488155,paics,paics.1,A0A803JC09
GeneID:101732808,LOC101732808,plb1,A0A803KE71
GeneID:100489074,LOC100489074,XB5765006,F6TM72
GeneID:100490289,tuba1cl.1,tuba1cl.2,A0A6I8R5I0
GeneID:100486048,LOC100486048,LOC101733140,A0A803JBS0
GeneID:100491658,rbm12b.3,rbm12b.2,A0A803K902
GeneID:100485399,KIAA1522,kiaa1522,A0A8J0QY91
GeneID:100124816,c2h1orf216,c1orf216,A0A8J1J7W6
GeneID:100135222,LOC100135222,XB5949753,A9ULN5
GeneID:101732995,LOC101732995,nodal3.1,F6R1F0
GeneID:100486047,gpr142,GPR142,F6Y553
GeneID:100494768,LOC100494768,zp4.2,F7ADE4
GeneID:105945483,LOC105945483,cyp2j2,F7BIJ8
GeneID:734018,slc22a15.2,slc22a15b,Q28ES4
GeneID:100488640,LOC100488640,pgq,A0A803JR40
GeneID:100379929,c8hxorf40a,cxorf40a,A0A8J0QWE6
GeneID:100492223,LOC100492223,mgc88898,F6PNA6
GeneID:100485025,akap10,zc3h6,F6UZQ4
GeneID:733525,snx31,trim9,F6VKK8
GeneID:448230,c2h21orf62,c21orf62,F6W396
GeneID:734124,mybph,h2ac14,Q5M901
GeneID:101730379,cxc8b.1,LOC101730379,A0A1B8Y8M8
GeneID:100491030,dusp18,alox5ap,A0A7D9NLL1
GeneID:780214,hycc1,fam126a,A0A8J0SGN8
GeneID:100124977,c6h18orf21,c18orf21,A4IIB4
GeneID:549256,bloc1s6,rgl2,F6QBS2
GeneID:100491673,has1l,has1,F6UAH0
GeneID:548811,tmem87b,tmem87a,Q28EW0
GeneID:3283497,mt-atp6,atp6,Q5G7I5
GeneID:100497855,LOC100497855,XB5892783,A0A6I8R8S4
GeneID:100145516,steap4.2,LOC100145516,A0A803KI68
GeneID:101733517,LOC101733517,LOC116406539,A0A8J1IP53
GeneID:100495467,tnfsf8,LOC100495467,A0A8J1IQV6
GeneID:100125070,KIAA0513,kiaa0513,A4IIV7
GeneID:100145107,LOC100145107,XB5745823,B0BMS6
GeneID:100135217,mesd,trio,F6PYD2
GeneID:779584,tkfc,ube2j1,F6VLE3
GeneID:100492671,c1qtnf7,cc2d2a,F6WIC2
GeneID:3283499,mt-nd3,nd3,Q5G7I3
GeneID:116407737,LOC116407737,LOC116407581,A0A6I8SFV2
GeneID:549866,tceanc2,LOC549866,A0A8J0PJK7
GeneID:394955,cfap97d1,ntng1,F6RL00
GeneID:733553,LOC733553,XB5812047,F6VCV7
GeneID:100144285,bri3,cacnb2,F7DY47
GeneID:733508,KIAA0586,kiaa0586,A0A6I8SJ89
GeneID:100145813,kcna3,kcna2,A0A7D9NM73
GeneID:100488386,cyp4b1.6,LOC100488386,A0A8J0QKR6
GeneID:100491569,LOC100491569,rasl11a,F6RU66
GeneID:100135362,c5h2orf73,c2orf73,F7ALT6
GeneID:100486381,wfikkn2,cep152,F7CCB5
GeneID:493424,vwa5a.2,lancl3,L7N2K9
GeneID:733809,krcc1,zmat1,Q28EG9
GeneID:550023,lhfpl5,fbxl3,A0A6I8RVG6
GeneID:100488140,irag2,lrmp,A0A8J1JCC8
GeneID:100488336,ucn3,cdyl2,F6QGE3
GeneID:549772,slc25a10,cd151,F6QNA7
GeneID:100145545,trmt2a,c1qbp,F6T284
GeneID:100038241,tgfb1i1,sap130,F6YN28
GeneID:100488102,LOC100488102,dnah8,A0A6I8QDZ9
GeneID:100497526,c6h7orf31,c7orf31,A0A6I8SYM9
GeneID:448285,c3h15orf40,c15orf40,A0A8J0SF89
GeneID:100135366,LOC100135366,XB5952892,A9UMI8
GeneID:100144694,zbtb8a.1,zbtb8a,B1WAZ8
GeneID:100490929,LOC100490929,crb2,F6RT24
GeneID:101731072,slc26a3.3,slc26a3.1,F6WBF8
GeneID:100489490,LOC100489490,parp12,F6YLN9
GeneID:733883,gnb5,poc1b,F7EBE7
GeneID:496989,LOC496989,XB5726496,A0A6I8PSI2
GeneID:100494937,gal3st4.2,gal3st4.3,A0A6I8Q9Y6
GeneID:100379771,rfxap,smim14,A0A7D9NKQ2
GeneID:100170490,LOC100170490,XB5965330,F6SU60
GeneID:100135750,parp11,fmnl2,F6TFR9
GeneID:100485538,ddrgk1,paip2b,F6VFN0
GeneID:100135239,scel,marf1,F6ZX05
GeneID:548390,LOC548390,XB5872372,F7CT86
GeneID:733474,LOC733474,XB5947741,Q28IY9
GeneID:100493148,LOC100493148,XB5771954,A0A803KA53
GeneID:116408900,LOC116408900,LOC116408898,A0A8J1J5M8
GeneID:100135128,tex261,tsr2,A9JSB9
GeneID:100145332,rergl2,XB877260,B1H1B2
GeneID:100497107,LOC100497107,XB5876791,F7CNZ2
GeneID:100037918,pacrgl,frrs1,F7DQ49
GeneID:734009,LOC734009,XB5726464,Q28FK2
GeneID:100170483,nfkbiz,XB5965586,A0A6I8RYX8
GeneID:496872,serinc1,serinc1.1,A0A803KGZ5
GeneID:100498543,def6,cntn5,F6UX86
GeneID:100486127,LOC100486127,XB5815362,F7BJK0
GeneID:100490814,nbea,nbeal3,A0A6I8R2Q0
GeneID:100494858,LOC100494858,LOC101734833,A0A803JA95
GeneID:101730350,tdh,LOC101730350,A0A803KHH7
GeneID:100145503,LOC100145503,XB5872720,B1H2X6
GeneID:100216037,LOC100216037,XB5993342,B4F6J2
GeneID:100145144,LOC100145144,XB5901661,F6UI45
GeneID:733461,LOC733461,XB5967085,Q28J73
GeneID:394644,adss2,adss2-a,Q6P875
GeneID:100497157,LOC100497157,tuba1cl.3,Q6P8D2
GeneID:100037906,ttc7b,rps6ka5,A0A6I8PZQ8
GeneID:100144947,LOC100144947,btn1a1,A0A6I8R1V8
GeneID:734077,LOC734077,XB5729975,A0A6I8SXZ6
GeneID:780047,prune2,gtf2e1.2,A0A7D9NKV3
GeneID:100494701,loxl4,XB5799681,A0A7D9NKV7
GeneID:779842,MGC147117,ptp4a3,A0A7D9NM06
GeneID:100491855,xndc1n,LOC100491855,A0A8J1J5Y6
GeneID:100145132,c4h16orf87,c16orf87,B0JYZ6
GeneID:100145436,amotl1,aga,F6ZR70
GeneID:100493543,c1h4orf45,c4orf45,A0A6I8RTF6
GeneID:100492274,LOC100492274,XB985134,A0A6I8S211
GeneID:100498135,slc5a1,slc5a1.1,A0A803J7A5
GeneID:116407651,LOC116407651,LOC116407762,A0A803J7C0
GeneID:548419,atosa,fam214a,A0A8J0SIC1
GeneID:100488940,piezo1,znf385a,F6SPB7
GeneID:100491542,xcr1,ccr2,F6XN13
GeneID:100489122,LOC100489122,gprin3,F7D3H1
GeneID:733538,vrk3,cdh5,Q28GX0
GeneID:100335042,hba-l3,HBA-L3,Q38IW3
GeneID:100125118,pc.2,pc.1,A0A6I8SN43
GeneID:100158651,fdxr,LOC100158651,A0A803KGG1
GeneID:100145721,mmel1,LOC100145721,A0A803KHE1
GeneID:100489847,nat8b.2,nat8.9,A0A8J0QR53
GeneID:779477,g6pc3,g6pc3.1,A0A8J0SZ49
GeneID:100127817,LOC100127817,XB5892957,A9JTP9
GeneID:100145059,c9h8orf33,c8orf33,F6T8W8
GeneID:100493143,polg2,fam172a,F6VZT2
GeneID:101730523,insyn2b,tmem70,F6XT92
GeneID:595020,qng1,c9orf64,F7A4U0
GeneID:549534,mcrs1,znf519,Q28D57
GeneID:100493455,LOC100493455,zfyve28,A0A7D9N0M7
GeneID:100485792,LOC100485792,XB5900382,A0A803KC37
GeneID:100188925,smad10,smad4.2,A0A8J1IQ47
GeneID:100216077,nherf2,slc9a3r2,B4F6T3
GeneID:100485638,ttc39al,LOC100485638,F6R355
GeneID:549203,rhbdd1,tp63,F6XDC6
GeneID:100124772,rab41,LOC100124772,Q0V9V3
GeneID:101732995,LOC101732995,nodal3-A,Q800C0
GeneID:100489506,LOC100489506,XB959836,A0A7D9NJN2
GeneID:100485096,LOC100485096,XB5811292,A0A803J7Q2
GeneID:779830,krt61,capn1,Q0IIY0
GeneID:779720,gbp2,MGC145306,Q0IJ14
GeneID:100487254,cpxm1,ebf4,A0A6I8SH35
GeneID:548782,c1h18orf25,c18orf25,A0A8J0PHG7
GeneID:100490895,abtb3,btbd11,A0A8J1JC16
GeneID:549118,pbdc1,dbndd1,F7CAS8
GeneID:779624,c4h11orf68,c11orf68,F7CH37
GeneID:100485745,inppl1a,inppl1,A0A803J7U5
GeneID:100490553,mhc1-uba6.1,LOC100490553,A0A8J0QVJ0
GeneID:100493914,il12bl,LOC100493914,A0A8J1IZD8
GeneID:100036602,eeig1,fam102a,A0JM34
GeneID:549245,celf3,tnrc4,A8KBC9
GeneID:100145014,LOC100145014,XB5954422,B0BMB4
GeneID:100302589,ago1,blvrb,F6PSN5
GeneID:100491266,iqch,rps6kl1,F6YUX2
GeneID:116406813,LOC116406813,LOC116406814,A0A6I8PTN2
GeneID:100495760,scin,nek6,A0A7D9NK15
GeneID:394901,adap1l,crygdl.17,A0A7D9NKC7
GeneID:100145151,wwox,XB1011895,A0A803JD15
GeneID:101730718,zbed10,zbed6cl,A0A803JKR9
GeneID:100127192,mybpc2,XB5889096,F6WDZ9
GeneID:100485970,LOC100485970,ankrd17,F7B7K6
GeneID:100498507,slc26a4.1,slc26a4.3,F7EI26
GeneID:493519,pcolce,adra1d,Q5CZL0
GeneID:100495518,LOC100495518,cyp2d6,A0A6I8QSC6
GeneID:100494453,c7h10orf71,c10orf71,A0A6I8RXR1
GeneID:100497000,carm1l,carm1p1,A0A6I8SJW0
GeneID:100487022,LOC100487022,XB5824245,A0A6I8SN13
GeneID:100486192,LOC100486192,XB990428,A0A803KFD8
GeneID:100498194,LOC100498194,LOC101735026,A0A8J1JPY0
GeneID:100490273,c7h1orf127,c1orf127,A0A8J1K1A4
GeneID:100125055,LOC100125055,XB5962511,A4IIT2
GeneID:100145486,LOC100145486,XB5854344,B1H2U1
GeneID:448607,otud3,plcxd2,F6YNX1
GeneID:448278,c4h19orf12,NA,Q6DJ35
GeneID:101731618,c1h4orf54,c4orf54,A0A6I8QNN1
GeneID:779905,rabl2b,rabl2a,A4IHS6
GeneID:779506,ralgps2,greb1,F7DDN0
GeneID:3283493,mt-nd2,nd2,Q5G7I9
GeneID:100158599,myo1e,myo1e.1,A0A6I8QHU0
GeneID:779551,top1mt,actr2,A0A803KJ00
GeneID:100379717,nudt7,mpp2,F6V6C1
GeneID:394702,slc35a3.2,wdr35,F7D8S5
GeneID:100487011,LOC100487011,nxpe4,A0A6I8PVW8
GeneID:100489404,col7a1,otol1,A0A803JG94
GeneID:108648340,yrdcl,LOC108648340,A0A8J1ISJ7
GeneID:100145285,LOC100145285,XB5935727,B1H0Z9
GeneID:734077,LOC734077,XB5729975,Q28BX8
GeneID:100494954,efcab7,pgm1,A0A803JFL3
GeneID:100492379,LOC100492379,LOC100494225,A0A803JVQ8
GeneID:101730631,LOC101730631,LOC101730568,A0A8J0R3W5
GeneID:100127794,LOC100127794,XB5937757,A9JTM4
GeneID:100124765,dgkb,h2ac1,F6X173
GeneID:448093,rnf185,rnf125,Q28I91
GeneID:100487633,LOC100487633,XB995277,A0A803K207
GeneID:100490922,cep20,fopnl,A0A8J0QKK0
GeneID:549082,ccne1,ripply2.1,F6QUN0
GeneID:101733377,npffr1.1,prtg,F7E412
GeneID:448015,srsf9,ndufs5,Q6GLG3
GeneID:116406931,LOC116406931,chst9l.2,A0A6I8PLK4
GeneID:100491699,KIAA0040,kiaa0040,A0A6I8RZL4
GeneID:100492507,trhr,agtr1,A0A7D9NL80
GeneID:100170484,mdm1,LOC100170484,A0A803KI12
GeneID:101731703,pacs3,LOC101731703,A0A8J1JK38
GeneID:100125060,abcc5,cstf2,F6R6C7
GeneID:780355,s1pr1,calhm4,F6Y7C0
GeneID:100489763,lrrc32,lrrc32.1,F6Z8L5
GeneID:100170638,brf1,dlx4,F7BB98
GeneID:101734214,nat2,XB22062350,A0A6I8R0N1
GeneID:779856,MGC147242,igfbp2,A0A803J5I4
GeneID:100485437,LOC100485437,XB5957215,A0A803K2S4
GeneID:100489834,c9h21orf58,LOC100489834,A0A8J0QHT0
GeneID:100485575,gfpt1,baalc,F6R0B7
GeneID:549805,lfng,mbnl2,F6UP69
GeneID:100489279,tmprss9,hoxc4,F6WP27
GeneID:100498607,sxph,depdc5,F7C9D4
GeneID:100495457,ifi35,folr1,F7CTH1
GeneID:594984,LOC594984,fcn1,Q5BKK1
GeneID:780158,tbc1d24,tbc1d24.1,A0A6I8PT38
GeneID:100497410,LOC100497410,XB5867320,A0A6I8Q137
GeneID:100488837,slc16a10,ints15,A0A7D9NKR6
GeneID:100494782,LOC100494782,cstpp1,F7CBB0
GeneID:100497782,rhoq,dynlt5,F7CV14
GeneID:100489058,LOC100489058,hsp30c,A0A6I8Q018
GeneID:101732696,LOC101732696,LOC116407754,A0A6I8SBU6
GeneID:116408355,LOC116408355,siglec15,A0A8J1IZH3
GeneID:100485512,tlr14.2,LOC100485512,F6PY71
GeneID:100493061,LOC100493061,XB990243,F7AV58
GeneID:100216173,LOC100216173,XB5997770,A0A803J8F8
GeneID:101733920,c1h5orf63,c5orf63,A0A8J0SKQ4
GeneID:549512,cep43,fgfr1op,A0A8J0T2U0
GeneID:100495411,nell3,LOC100495411,A0A8J1JQ52
GeneID:100145419,LOC100145419,XB5856157,B1H2G1
GeneID:100495175,prrg3,mrps34,F7AMN1
GeneID:100135166,KIAA0232,kiaa0232,F7DTJ5
GeneID:549793,sept2-a,sept2-A,Q5BKN4
GeneID:733726,LOC733726,XB5959819,Q6GLC4
GeneID:100486629,arhgap20b,LOC100486629,A0A6I8QXZ0
GeneID:100493845,gpr12,gpr185a,A0A803KDV1
GeneID:100170619,c3h12orf40,c12orf40,A0A803KHH1
GeneID:100127554,c3h2orf42,c2orf42,B1H2S5
GeneID:100145604,pttg1ip,pttg1ip.1,F6PP40
GeneID:100127673,tex2,tex2.1,F6WP91
GeneID:100135177,kdm3b,atp2b4,F7B7G8
GeneID:496431,c2h1orf74,c1orf74,A0A803J815
GeneID:100494248,LOC100494248,XB5946328,A0A803JLK9
GeneID:105945677,sprtnl.2,LOC101732407.2,A0A8J0SD16
GeneID:100490226,fhip1b,fam160a2,A0A8J1J8E5
GeneID:733932,LOC733932,XB1017155,A0A6I8PSE8
GeneID:100490503,LOC100490503,XB994119,A0A6I8QT38
GeneID:100486247,LOC100486247,znf250,A0A6I8R6X0
GeneID:100488061,polrmt,nedd4,F6RR66
GeneID:394546,foxi1,foxi1e,Q6P8A3
GeneID:100145070,LOC100145070,XB5838589,A0A6I8PRY5
GeneID:101733381,KIAA2012,kiaa2012,A0A803JF23
GeneID:733556,LOC733556,XB5734924,A0A803JZF4
GeneID:100487777,LOC100487777,arhgdig,F7D6Y2
GeneID:549090,psenen,diras2,Q28GF7
GeneID:496670,LOC496670,XB5861580,Q5M8W8
GeneID:100379851,KIAA1671,kiaa1671,A0A6I8S890
GeneID:100486660,nit1,cox6b1,A0A7D9NLM9
GeneID:116407785,LOC116407785,LOC116407744,A0A8J1IVB4
GeneID:100036706,septin2,sept2-B,A1L0Y5
GeneID:431674,tmem161a,tmem161,Q28FG4
GeneID:100145002,LOC100145002,XB5749127,A0A6I8RHQ9
GeneID:105948498,LOC105948498,rnf112.2,A0A6I8RJS2
GeneID:101731809,cbm20,cbm101731809provisional,A0A8J0R4H3
GeneID:100496006,slc39a2,pwp1,F6RAP0
GeneID:100158550,nme9,cblb,F6RR34
GeneID:394865,abcb5,LOC116406449,F6XR15
GeneID:548667,trmt9b,onecut2,F7BB47
GeneID:779855,MGC147231,mgc147231,Q0V9E4
GeneID:733876,rbm12b,rbm12b.1,A0A803KJL8
GeneID:100497276,bdh1b,LOC100497276,A0A8J0R1D5
GeneID:100145603,endoul,endou,B1H3D5
GeneID:100486037,hnf4b,trmt1l,F6QA34
GeneID:100145437,oga,syt12,F6V0P4
GeneID:100494736,mchr1,mchr1.1,F7E9A2
GeneID:733821,c7h1orf159,c1orf159,Q28E68
GeneID:548853,c6h7orf25,TGas015c11.1,Q5BKL1
GeneID:100490587,LOC100490587,XB5738616,A0A6I8PY40
GeneID:100494286,KIAA0319l,kiaa0319l,A0A6I8RX82
GeneID:100486834,fhip1a,rgs9,F7DN00
GeneID:613065,ahr,cep170,F7DNN6
GeneID:108644520,LOC108644520,LOC108645187,A0A8J1J6E9
GeneID:100125153,crip1,slc48a1,A4QNF7
GeneID:100498391,LOC100498391,XB5836359,F6PR35
GeneID:447996,p2ry11,tapbp,F6QA86
GeneID:496691,anxa1.3,fam168b,F7B2X0
GeneID:496509,srsf10,fusip1,Q28HR7
GeneID:447951,mtx2,kcne3,Q6GUH5
GeneID:100127873,LOC100127873,XB5896631,A0A6I8PZF0
GeneID:100488265,col11a2,col11a2p1,A0A803JI90
GeneID:101733873,fndc3c1l,LOC101733873,A0A8J1JB92
GeneID:100496834,pou2af2,c11orf53,F7BAI9
GeneID:100495462,catip,fxr1,F7EC34
GeneID:733930,tfap2b,tnfrsf11b,L7N3J0
GeneID:100127707,mhc1-uda,XB5873923,A0A6I8R1D6
GeneID:100494570,LOC100494570,XB5845204,A0A6I8RAX7
GeneID:100422809,bmal1,arntl,A0A6I8RB49
GeneID:100497888,galnt6.1,galnt6.3,A0A6I8RT47
GeneID:100494397,slc2a9,slc2a15a,A0A6I8S2W0
GeneID:100490754,wfikkn1,mettl26,F6T900
GeneID:100495435,c10h17orf98,c17orf98,F7E615
GeneID:448364,MGC89226,mgc89226,Q28DC8
GeneID:733760,ift25,cldn11,Q28FP4
GeneID:101732372,LOC101732372,xa-1,A0A6I8Q7C4
GeneID:100170590,dact4,LOC100170590,A0A8J0SB44
GeneID:100485966,rtn4r,adcy6,F6T9I3
GeneID:100492858,LOC100492858,XB996291,F6V8I7
GeneID:100493215,slc45a4,mreg,F7D1N3
GeneID:780047,prune2,Prune2,Q0IHU9
GeneID:780010,lratd1,kiaa0825,Q0P4H9
GeneID:100497344,LOC100497344,grk5,A0A6I8QSH1
GeneID:100489717,c8h8orf48,c8orf48,A0A6I8QT27
GeneID:101734579,LOC101734579,bix1.2,A0A6I8RD05
GeneID:733841,LOC733841,XB5961859,A0A803J9T3
GeneID:101732886,kif28,kif28p,A0A8J1JPM2
GeneID:100489701,stra8,mrpl58,F6UZX4
GeneID:733841,LOC733841,XB5961859,Q28DV0
GeneID:407914,rbm43l,mgc69473,Q6NVN6
GeneID:100492325,LOC100492325,XB5932119,A0A5S6LNM1
GeneID:100493115,camk1d,cdc123,A0A6I8QIV0
GeneID:100485340,LOC100485340,znf800,A0A7D9NM01
GeneID:116409676,LOC116409676,tspo,A0A803KDY2
GeneID:100038075,ell2,hook2,F6THI1
GeneID:100485382,aff4,kcnab2,F7B353
GeneID:734029,LOC734029,XB5959486,Q28DZ5
GeneID:100145000,LOC100145000,XB5740036,A0A6I8PV97
GeneID:100494293,mhc1-uba12,LOC100494293,A0A8J0T6K7
GeneID:448283,MGC89056,marveld2,F7BJI3
GeneID:496998,LOC496998,XB5897337,Q5HZU0
GeneID:395030,mcm6,zmcm6,Q6P1V8
GeneID:100496643,c5h6orf58,c6orf58,A0A6I8RW12
GeneID:100036702,LOC100036702,XB5934250,A1L0Y1
GeneID:100170428,LOC100170428,XB5961763,B2RZ04
GeneID:100485974,LOC100485974,arhgap39,F6XR56
GeneID:100145052,polr1f,mmd,F7BDD1
GeneID:116411507,LOC116411507,mrps2,Q28D21
GeneID:548539,lmo4.2,lmo4.1,Q5FVB2
GeneID:733539,LOC733539,XB5733004,A0A803JB98
GeneID:100498440,LOC100498440,XB5905938,A0A803JD31
GeneID:100491169,ripk3l,ripk3.1,A0A8J1IPJ1
GeneID:100489448,ticrr,cep44,F6T9R4
GeneID:100491625,LOC100491625,anln,F6VRS4
GeneID:734071,LOC734071,XB5796436,Q28C18
GeneID:448367,LOC448367,fcn3,Q6DIT6
GeneID:100491855,xndc1n,XB6033289,A0A6I8R2W6
GeneID:100379971,c1h18orf54,c18orf54,A0A8J0QWQ3
GeneID:116412046,LOC116412046,LOC116412045,A0A8J1JTQ7
GeneID:100489456,LOC100489456,XB5949052,F6TLZ9
GeneID:100533180,palm2,palm2akap2,F7EIU9
GeneID:100500921,c2h3orf52,c3orf52,A0A6I8QP92
GeneID:100170576,KIAA1210,kiaa1210,A0A8J0QEA0
GeneID:402789,st3gal3,clvs2,F6Z9V9
GeneID:100379840,fgd6,galnt16,A0A7D9NLI2
GeneID:100125070,KIAA0513,kiaa0513,A0A8J0SKC8
GeneID:100316919,kcnt1,kcnt2l,A0A803J2H8
GeneID:548451,asph,evl,F6RBK4
GeneID:100037837,myof,myof.1,A0A7D9NM49
GeneID:100216203,dennd5b,mapre2,A0A7D9NM80
GeneID:100488386,cyp4b1.6,LOC100488386,A0A8J0SJF7
GeneID:100216216,pfkfb3,ephb3,F6W1P4
GeneID:100151726,mtmr4,slc39a1l,A0A7D9NMD6
GeneID:100145133,col9a1,gpm6b,A0A7D9NMD8
GeneID:100491653,tec,nck2,A0A7D9NME2
GeneID:100495410,cenatac,ccdc84,A0A8J0SJA6
GeneID:100494087,mypop2,xbg100494087,A0A8J1JIY1
GeneID:733941,rapgef6,ldlrad4,F7E827
GeneID:594985,idh3g,adamts17,F7D591
GeneID:100488346,atp2b4,atp2b2,A0A6I8R0I3
GeneID:101730916,LOC101730916,LOC116407773,A0A6I8RS27
GeneID:108648121,sftpa2,sftpa,A0A6I8S3Q5
GeneID:101734156,stmp1,nup205,A0A803JV96
GeneID:594965,MGC107841,mgc107841,Q5BKM7
GeneID:594961,pcgf2,rnls,Q5BKN6
GeneID:100127192,mybpc2,XB5889096,A0A6I8R118
GeneID:595014,pglyrp1l,pglyrp1-like.1,Q5BKE6
GeneID:100135163,banf2,baf-l,A0A6I8PJQ0
GeneID:101735075,LOC101735075,LOC105945518,A0A6I8RPY7
GeneID:100496808,LOC100496808,XB5722040,A0A6I8S1X6
GeneID:100216283,cmah,cmahp,F7E4I4
GeneID:548655,LOC548655,XB5901009,Q0VA75
GeneID:448364,MGC89226,mgc89226,Q6DIT9
GeneID:100492996,LOC100492996,sctr,A0A6I8PK67
GeneID:116408916,p2ry6,serpinh1,A0A803K462
GeneID:100494933,slc16a6,adam33,F6X268
GeneID:100380152,jkamp,fst,F7E582
GeneID:448285,c3h15orf40,c15orf40,Q6DJ28
GeneID:448277,LOC448277,col11a2,Q6DJ36
GeneID:100145574,hao1,tmem127,A0A7D9NJJ6
GeneID:595036,arf4,gsk3a,Q5BJ34
GeneID:100037837,myof,myof.1,A0A6I8QNL3
GeneID:100379788,ccdc18,atxn1,F7DSH7
GeneID:100492984,col4a5,ifnl3,A0A7D9NK48
GeneID:100490625,fgd3,bicd2,A0A6I8S184
GeneID:100486221,csf2rb,rasa2,A0A7D9NJW7
GeneID:100490569,LOC100490569,LOC116409836,A0A803J1U4
GeneID:100486278,mafg,pycr1,F7D302
GeneID:100488155,paics,paics.1,A0A6I8SSC3
GeneID:549852,poldip2,brpf3,A0A7D9NKD0
GeneID:116408465,mtnr1a,larp6-like.1,A0A7D9NKG4
GeneID:100135200,KIAA0930,kiaa0930,A0A803J253
GeneID:105946568,LOC105946568,krt5.4,B2GUG7
GeneID:100135151,ap5s1,kmt2e,F7E666
GeneID:105948499,LOC105948499,rnf112.2,A0A7D9NKN6
GeneID:100494791,lpar3,ndufb4,A0A7D9NL13
GeneID:100497220,KIAA1614,kiaa1614,A0A8J0SKX7
GeneID:779812,susd4,tlr5,A0A8J1JKV7
GeneID:448311,mcee,rrn3,F6UJX4
GeneID:100485757,mrps14,tmem170a,A0A7D9NKW4
GeneID:394609,mob2,mob2.1,A0A8J0SKP1
GeneID:100488834,LOC100488834,serpina3k,A0A7D9NL65
GeneID:100380158,slc4a7,tmem59,A0A7D9NL69
GeneID:100496369,c6h10orf67,c10orf67,A0A803JQ82
GeneID:100491983,kcnh2,kcnh6,A0A803JQ84
GeneID:779509,lamp2,shisa7,F7D2C0
GeneID:100302009,trpm8b,trpm8,A0A6I8QL26
GeneID:549512,cep43,fgfr1op,A0A8J0T0T6
GeneID:779635,c3h17orf49,c17orf49,A0A8J0T142
GeneID:100497000,carm1l,carm1p1,A0A8J1IM06
GeneID:100145743,LOC100145743,XB5732280,B1WB28
GeneID:100038196,osr2,mgc145260,F6ZX49
GeneID:100497416,gpr149,dhx36,F7ETI7
GeneID:100496636,c3h15orf39,c15orf39,A0A6I8RNY5
GeneID:594880,tgm3l.8,tgm3l.7,F6Z5W7
GeneID:100487643,LOC100487643,LOC100488279,L7N2H2
GeneID:100494227,LOC100494227,crp,L7N2L9
GeneID:100496369,c6h10orf67,c10orf67,A0A6I8S0C5
GeneID:100494087,mypop2,XB22169522,A0A6I8S0G9
GeneID:779565,arc2,arc3,A0A803K298
GeneID:549281,c9h2orf69,c2orf69,Q0P4L6
GeneID:100170607,ildr2,ildr1,A0A6I8SRM3
GeneID:549512,cep43,fgfr1op,A0A8J0SNV2
GeneID:113455423,mhc1-uba13.1,LOC113455423,A0A8J1IL29
GeneID:493544,LOC493544,adprh,A0A8J0PF28
GeneID:549512,cep43,fgfr1op,A0A8J0SNX9
GeneID:100491983,kcnh2,kcnh6,A0A8J1JNZ1
GeneID:448449,taf7,daglb,F7BJX8
GeneID:100485632,spag9,prkcg,L7N391
GeneID:780246,car1,e2f5,Q0VFA2
GeneID:100380200,mcf2l.2,mcf2l2,A0A6I8QJS4
GeneID:100485153,LOC100485153,XB5965586,A0A6I8QK12
GeneID:100124748,itpr2,rgs14,F7EV10
GeneID:100496212,KIAA1217,kiaa1217,A0A8J1JND7
GeneID:100488935,LOC100488935,nodal3.1,F7AIL8
GeneID:100494922,LOC100494922,tnfsf10l,F7CP55
GeneID:733928,LOC733928,XB5799681,Q28C81
GeneID:733509,c2h1orf109,c1orf109,A0A6I8SQJ3
GeneID:100145782,LOC100145782,XB5845012,B1WBH6
GeneID:100491706,LOC100491706,nlrp4,A0A803JQL7
GeneID:116406669,LOC116406669,glipr2,A0A803JR25
GeneID:100485051,LOC100485051,LOC116406489,A0A803K2N0
GeneID:496505,c6h5orf22,c5orf22,A0A8J1JMT7
GeneID:100038291,ncam1,spata1,F7E3D2
GeneID:100170576,KIAA1210,kiaa1210,A0A8J0QGP6
GeneID:100135163,banf2,baf-l,A0A8J0SN95
GeneID:780214,hycc1,fam126a,A0A8J1JN74
GeneID:394609,mob2,mob2.1,F6TBY7
GeneID:100491776,prph2,tbcc,F6YUE4
GeneID:394816,ssbp3,usp20,Q28CH5
GeneID:100488346,atp2b4,atp2b2,A0A6I8RM19
GeneID:394917,tpm3,MGC76092,A0A8J1INP7
GeneID:100496369,c6h10orf67,c10orf67,A0A8J0SQX5
GeneID:100496212,KIAA1217,kiaa1217,A0A8J0SQY1
GeneID:100145049,MGC86483,mgc86483,B0BMJ0
GeneID:100380129,c10h17orf80,c17orf80,A0A6I8QJ71
GeneID:100491379,cxcr6,glb1l,A0A803JNY7
GeneID:101731566,znf783,LOC101731566,A0A8J1JQN2
GeneID:101731566,znf783,LOC101731566,A0A8J1JQN5
GeneID:101731566,znf783,LOC101731566,A0A8J1JQN7
GeneID:100490433,cfap107,aadacl4,F6ZUW5
GeneID:100494086,patz1,ap1g2,F7AFD8
GeneID:779635,c3h17orf49,c17orf49,A0A8J0T2D1
GeneID:100144969,LOC100144969,XB5936512,B0BM62
GeneID:100490177,cfap54,c12orf63,A0A8J0T2G9
GeneID:100135729,msra.2,wnt9b,B0BM35
GeneID:100145000,LOC100145000,XB5740036,B0BM98
GeneID:100145001,cfap161,slc8a1,B0BM99
GeneID:100158624,phka1,phka2,A0A6I8RMF2
GeneID:100302009,trpm8b,trpm8,F6TBS4
GeneID:100488346,atp2b4,LOC100488346,A0A8J0T1S8
GeneID:549116,c1h4orf33,c4orf33.1,A0A8J0T237
GeneID:100170465,bltp3b,uhrf1bp1l,A0A8J0T255
GeneID:394917,tpm3,MGC76092,A0A8J1IN25
GeneID:100491211,LOC100491211,fucolectinloc100491211,A0A8J1JPU4
GeneID:100485682,cfap95,c9orf135,A0A8J1IMD4
GeneID:100492540,gh1,trmt12,F6WN03
GeneID:100379977,gse1,tmem161b,F7E1P7
GeneID:496872,serinc1,serinc1.1,A0A6I8RKU1
GeneID:116409676,LOC116409676,tspo,A0A803K0A3
GeneID:100497000,carm1l,carm1p1,A0A8J1ILZ8
GeneID:100497000,carm1l,carm1p1,A0A8J1ILZ9
GeneID:100379762,btbd10,ndufa5,F6TDG6
GeneID:394902,nop14,dgkz,L7N3G9
GeneID:100496212,KIAA1217,kiaa1217,A0A8J0SPD1
GeneID:100495410,cenatac,ccdc84,A0A8J1K1D6
GeneID:100496426,akap7.2,akap7,A0A6I8RLE0
GeneID:100495513,c3h2orf68,c2orf68,A0A8J0QJ72
GeneID:100492928,mvk,npat,F6TD59
GeneID:394645,rrm2,rrm2.1,F6VJ70
GeneID:780261,mtss1,mtss1.1,A0A6I8QXH2
GeneID:100216114,LOC100216114,XB5960519,L7MUJ8
GeneID:549100,c2h11orf54,c11orf54,A0A8J1J1V7
GeneID:100497226,tnks,tnks2,A0A6I8QY01
GeneID:447976,mhc1-uba13.2,mhc1b2,A0A8J0PK53
GeneID:100496212,KIAA1217,kiaa1217,A0A8J0QMV1
GeneID:100145324,stra6l,stra6l.1,B1H195
GeneID:733858,LOC733858,XB5954440,A0A6I8Q6Q1
GeneID:100145291,esyt2,gpat3,F7DME1
GeneID:100488924,c1h2orf81,c2orf81,A0A8J1J228
GeneID:101731566,znf783,LOC101731566,A0A8J1JT45
GeneID:100493427,wdr59,zcchc7,F7EP46
GeneID:549219,elmod2,cyp2c19,Q28HC8
GeneID:447979,bcar1,cd200r1,F7ACI5
GeneID:100135183,slc15al,slc51a-like.1,A0A8J1J0Z6
GeneID:100135183,slc15al,slc51a-like.1,A0A8J1J0Z7
GeneID:100497257,megf6,mylk4,F6UCL2
GeneID:549614,arhgef16,adamts5,F6UD37
GeneID:100494054,rad18,gmppb,F6YP99
GeneID:100489782,LOC100489782,pgc-like.1,A0A6I8PTC2
GeneID:100490553,mhc1-uba6.1,LOC100490553,A0A8J1IP45
GeneID:100496212,KIAA1217,kiaa1217,A0A8J0SS84
GeneID:100496212,KIAA1217,kiaa1217,A0A8J0SS91
GeneID:100490531,pcbp1,LOC100490531,A0A8J0QLH8
GeneID:100495410,cenatac,ccdc84,A0A8J0QLI0
GeneID:100486626,cibar2,fam92b,A0A8J0QLU4
GeneID:100496212,KIAA1217,kiaa1217,A0A8J0SS03
GeneID:100037837,myof,myof.1,A0A8J1JRL8
GeneID:100037837,myof,myof.1,A0A8J1JRN2
GeneID:549512,cep43,fgfr1op,A0A8J0T423
GeneID:100145277,as3mt.1,LOC100145277,A0A8J1JS06
GeneID:100380200,mcf2l.2,mcf2l2,A0A6I8RZZ4
GeneID:100037855,arhgap33,maml1,F6YQ73
GeneID:100490553,mhc1-uba6.1,LOC100490553,A0A8J0T3I4
GeneID:100271753,scppa2,LOC100271753,B9UIU8
GeneID:100124320,hoxb6,kif2a,F6Q890
GeneID:780379,camk2b,ptger2,F6YPS0
GeneID:549106,pabpn1l,ccdc181,Q28GL9
GeneID:100492173,LOC100492173,fndc3a,A0A6I8R9C3
GeneID:733509,c2h1orf109,c1orf109,A0A8J0SRB3
GeneID:100488155,paics,paics.1,A0A8J1J096
GeneID:496913,LOC496913,pgc-like.1,F7ADP0
GeneID:733728,LOC733728,XB5893022,Q28H10
GeneID:100494799,bpi5,bpi.4,A0A6I8QVF2
GeneID:100488346,atp2b4,atp2b2,A0A6I8RYG4
GeneID:100493887,tmem128,tmem128l,A0A7D9N0I4
GeneID:100488155,paics,paics.1,A0A8J0R0U7
GeneID:100135386,coa3,ccdc56,A0A8J0T7B2
GeneID:448510,slc22a15,slc22a15.1,A0A8J1J3X9
GeneID:100145634,c4h1orf112,c1orf112,B1H3H7
GeneID:780392,ptpn3,sts,F6UB13
GeneID:108644520,LOC108644520,LOC108645187,A0A8J1J417
GeneID:100490940,pip5kl1,leprot,F6Q5Q4
GeneID:100037880,c9h2orf76,c2orf76,A0A8J1IRQ4
GeneID:100485875,polr1g,cd3eap,A0A8J1IS23
GeneID:100485546,slc7a2,slc7a2.1,A0A6I8RYT0
GeneID:100490531,pcbp1,LOC100490531,A0A8J0T786
GeneID:548939,pfdn5,clstn1,Q28FQ9
GeneID:100489773,LOC100489773,XB5826631,A0A6I8Q4R0
GeneID:394514,krt19,krt17,A0A6I8QW47
GeneID:100496212,KIAA1217,kiaa1217,A0A8J0R0F2
GeneID:100494440,LOC100494440,asah2,A0A803J920
GeneID:105946605,smim11,smim11a,A0A8J1J3J2
GeneID:493451,MGC88898,mgc88898,Q66IM6
GeneID:733719,fyttd1,adam23,A0A4X2QUZ6
GeneID:733928,LOC733928,XB5799681,A0A803J8R2
GeneID:100489404,col7a1,otol1,A0A803J9A7
GeneID:100490531,pcbp1,LOC100490531,A0A8J0T6A6
GeneID:101731566,znf783,LOC101731566,A0A8J1JUC0
GeneID:105945862,LOC105945862,LOC105945772,A0A8J1IR58
GeneID:100485515,LOC100485515,LOC100491248,A0A8J1J2T5
GeneID:100145277,as3mt.1,LOC100145277,A0A8J1JUF7
GeneID:100495467,tnfsf8,LOC100495467,A0A8J1IQU4
GeneID:100494397,slc2a9,slc2a15a,F6UC71
GeneID:100498286,depdc5,ube2t,K9J7R2
GeneID:100496293,LOC100496293,LOC108645256,A0A6I8QUK5
GeneID:549243,cdin1,c15orf41,A0A8J0T644
GeneID:100488265,col11a2,col11a2p1,K9J850
GeneID:779811,c3h5orf24,c5orf24,A0A5S6LLN0
GeneID:780261,mtss1,mtss1.1,A0A6I8R715
GeneID:394438,bix1.1,bix1.2,A0A6I8RXZ7
GeneID:100037837,myof,myof.1,A0A6I8S9W7
GeneID:100495183,mhc2-dmb,LOC100495183,A0A8J1IQJ0
GeneID:100491211,LOC100491211,fucolectinloc100491211,A0A8J1JTJ4
GeneID:100490674,rusc2,sfswap,F6PU56
GeneID:394645,rrm2,rrm2.2,A0A6I8PRV0
GeneID:549186,mreg,kcnv2,A0A5S6P3B6
GeneID:100485399,KIAA1522,kiaa1522,A0A803JYD5
GeneID:100495525,msh4,rabggtb,F7CER9
GeneID:548848,42sp43,42Sp43,A0A6I8PQC7
GeneID:100490653,LOC100490653,LOC101733634,A0A803JYB9
GeneID:779635,c3h17orf49,c17orf49,A0A8J0S5S3
GeneID:100489834,c9h21orf58,LOC100489834,A0A8J1ITS8
GeneID:779885,LOC779885,pnliprp2,Q0IIS1
GeneID:100488559,LOC100488559,znf503,A0A5S6LIC4
GeneID:100495207,rigi,ddx58,A0A6I8QTQ6
GeneID:733509,c2h1orf109,c1orf109,A0A8J1J5K4
GeneID:100496212,KIAA1217,kiaa1217,A0A8J0R2K2
GeneID:100489308,lhx3,qsox2,A0A803J6Z0
GeneID:100125135,prkag1,ppm1e,A4QNC3
GeneID:100038139,tdgf1,tdgf1.1,A0A8J0PMY1
GeneID:100127726,negr1,map3k1,A8WGY9
GeneID:100497251,spata18b,nudt12,F6VD39
GeneID:100496260,rfesd,arsk,A0A6I8R4E5
GeneID:100498371,LOC100498371,XB5959262,A0A803J8N8
GeneID:105946662,dmd,dmd.3,A0A8J1J4Q0
GeneID:105946662,dmd,dmd.3,A0A8J1J4Q9
GeneID:105946662,dmd,dmd.3,A0A8J1J4R0
GeneID:100496109,LOC100496109,XB1001094,A0A6I8SYM6
GeneID:116406636,cyp2a6.12,LOC116406636,A0A6I8Q1H2
GeneID:100498371,LOC100498371,XB5959262,A0A6I8QSK7
GeneID:100497621,LOC100497621,mlkl,A0A803JYR3
GeneID:100488454,c3h15orf61,c15orf61,A0A8J0R1K6
GeneID:100490896,azgp1,LOC100490896,A0A8J1ISN1
GeneID:100125186,bcl7b,vegfb,A4QNP6
GeneID:100497814,c10h20orf85,c20orf85,F6RXY8
GeneID:105947272,batf2,snx15,A0A6I8PPU7
GeneID:100125135,prkag1,kmt2d,A0A6I8Q1T3
GeneID:100487776,atp2b2,atp2b4,A0A6I8R566
GeneID:100037837,myof,myof.1,A0A8J1JVD0
GeneID:100216027,LOC100216027,XB5994047,B4F6H9
GeneID:100145323,LOC100145323,XB5769266,F6VCC1
GeneID:100486435,LOC100486435,dnajc27,F6YM82
GeneID:100329184,kissr1b,KiSSR,C6F3T7
GeneID:101731813,LOC101731813,LOC116406710,A0A803J4Z5
GeneID:100498204,znf585bl,LOC100498204,A0A8J0SZE3
GeneID:100170561,b3gnt2,xpo6,F7EIV8
GeneID:100170467,KIAA1958,kiaa1958,F7EJ68
GeneID:394755,gna11,mcoln2,Q6P7M2
GeneID:100145151,wwox,XB1011895,A0A6I8S6H9
GeneID:100497030,LOC100497030,XB5822195,A0A6I8SXJ1
GeneID:100492224,c6h8orf34,c8orf34,A0A8J0R4T1
GeneID:100485578,c2h1orf94,c1orf94,A0A8J1J7Y4
GeneID:100485399,KIAA1522,kiaa1522,A0A8J1J7Y9
GeneID:100380200,mcf2l.2,mcf2l2,A0A6I8R3H6
GeneID:549588,rnf216,smurf1,A0A6I8R3I8
GeneID:100490432,LOC100490432,LOC116406590,A0A803K7S3
GeneID:100490531,pcbp1,LOC100490531,A0A8J0R4Z3
GeneID:100496782,abca9,abca10,F6PPE6
GeneID:100497570,LOC100497570,LOC116406488,A0A803JVQ1
GeneID:100490922,cep20,fopnl,A0A8J0R515
GeneID:100496212,KIAA1217,kiaa1217,A0A8J0R529
GeneID:394552,vrk1,pde4c,Q6P8D6
GeneID:100485437,LOC100485437,XB5957215,A0A803J4I7
GeneID:100497030,LOC100497030,XB5822195,A0A803J4L0
GeneID:394547,rgmb,plcl2,Q6P8A4
GeneID:116406533,LOC116406533,LOC108648358,A0A803JVY3
GeneID:100493164,LOC100493164,XB5730473,A0A803K871
GeneID:100496212,KIAA1217,kiaa1217,A0A8J0R4E6
GeneID:549143,atxn3,osbpl3,F6ZLN7
GeneID:394609,mob2,mob2.1,Q6P7Z9
GeneID:595020,qng1,c9orf64,A0A803JXA2
GeneID:100490531,pcbp1,LOC100490531,A0A8J0SYC6
GeneID:101734157,LOC101734157,nodal5.2,F6RWP8
GeneID:100489175,LOC100489175,prf1,F6VAP3
GeneID:100490531,pcbp1,LOC100490531,A0A8J1IUW3
GeneID:493204,LOC493204,ssuh2,A0A803JXG1
GeneID:100487426,LOC100487426,LOC100487580,A0A803K9H1
GeneID:493451,MGC88898,mgc88898,F6RVV6
GeneID:100489571,LOC100489571,mmp8,A0A6I8S5N6
GeneID:100135231,LOC100135231,XB5872520,A0A803JX64
GeneID:549220,tafazzin,taz,A0A8J0SXR2
GeneID:100158599,myo1e,myo1e.1,A0A8J1J6N8
GeneID:448677,MGC89871,mgc89871,A0A6I8RU39
GeneID:113455423,mhc1-uba13.1,LOC113455423,A0A8J0QRP7
GeneID:101731511,LOC101731511,cyp2d6,A0A6I8RTU7
GeneID:100145496,LOC100145496,XB5760632,A0A803JWM9
GeneID:100170467,KIAA1958,kiaa1958,A0A6I8Q013
GeneID:100491875,astl3a.1,astl3a.3,A0A6I8R344
GeneID:116406977,LOC116406977,LOC101734838,A0A8J1IUE8
GeneID:116406495,LOC116406495,LOC116406976,A0A8J1IUF8
GeneID:100127554,c3h2orf42,c2orf42,A0A8J1J6E6
GeneID:101733381,KIAA2012,kiaa2012,A0A803J5T6
GeneID:101733381,KIAA2012,kiaa2012,A0A8J1IUJ9
GeneID:779539,kmt2e,elmod3,F6YGP5
GeneID:100488257,dmrt1,kank1,A0A1P0XRN1
GeneID:100492059,tbc1d8,tbc1d8b,A0A6I8RBD0
GeneID:100316919,kcnt1,kcnt2l,A0A803JDE8
GeneID:100380129,c10h17orf80,c17orf80,A0A8J1IY52
GeneID:101732625,LOC101732625,parp14.2,A0A803JCK2
GeneID:100490531,pcbp1,LOC100490531,A0A8J0R788
GeneID:100498278,stat3,stat3.1,A0A8J1IY95
GeneID:100494057,flacc1,flacc,A0A8J0R6K7
GeneID:100497259,atp13a5l.3,atp13a5l.2,F6QPV7
GeneID:100492824,colq,hacl1,F7DDI8
GeneID:100335029,il9,IL-9,Q38JW3
GeneID:100487776,atp2b2,atp2b4,A0A6I8RA99
GeneID:101733381,KIAA2012,kiaa2012,A0A8J1IWX5
GeneID:100488272,acmsd,rims2,F7EHT0
GeneID:100489834,c9h21orf58,XB5857145,F7DEW3
GeneID:100495410,cenatac,ccdc84,A0A8J1JZU5
GeneID:100145237,odad3,ccdc151,A0A8J0R5U8
GeneID:100490531,pcbp1,LOC100490531,A0A8J0SZN2
GeneID:493294,slc16a3,otud7a,F6QQM2
GeneID:101733954,LOC101733954,LOC116412438,A0A803KDZ6
GeneID:100496212,KIAA1217,kiaa1217,A0A8J0R5I6
GeneID:105946605,smim11,smim11a,A0A8J0S8M0
GeneID:100496985,mtss2,zdhhc23,F6S5V6
GeneID:100492724,LOC100492724,LOC100497639,A0A1B8Y763
GeneID:101732679,LOC101732679,LOC105945166,A0A1B8Y7H5
GeneID:780261,mtss1,mtss1.1,A0A6I8SCK4
GeneID:100488265,col11a2,col11a2p1,A0A803JAC3
GeneID:100486425,LOC100486425,LOC116406592,A0A803KDE4
GeneID:100497088,grm8,grm6,A0A803KEE0
GeneID:100493594,ptprvl,LOC100493594,A0A8J0QX54
GeneID:779759,slc12a5,pus1,F7EEA9
GeneID:496647,ctss.2,ctss,Q5M8Z4
GeneID:733466,ndufb8,sec31b,A0A803JBY4
GeneID:407931,gnas,nelfcd,A0A803KDT9
GeneID:101731130,LOC101731130,vmo1,F6RSA9
GeneID:100495539,map4k1,map4k5,F7DD19
GeneID:101731814,cox14,gpd1,A0A6I8SAW3
GeneID:100493774,LOC100493774,myh14,A0A6I8SAY0
GeneID:496790,fam241b,twf2,Q5M8D8
GeneID:407931,gnas,gnal,Q6NVN4
GeneID:100145165,LOC100145165,XB5809687,B0JZ78
GeneID:100488644,mfap4.1,rnf112,A0A6I8SBT5
GeneID:100494680,LOC100494680,XB5846730,A0A803KEQ4
GeneID:100127852,cyp2c8l,XB5880541,A0A803KEV5
GeneID:100490531,pcbp1,LOC100490531,A0A8J0R7M0
GeneID:100490922,cep20,fopnl,A0A8J0R7N8
GeneID:101733192,LOC101733192,oma1,A0A6I8SA96
GeneID:100493418,LOC100493418,ceacam8,A0A6I8SAJ2
GeneID:100145503,LOC100145503,LOC105945137,A0A803KBH6
GeneID:100144286,LOC100144286,XB5730431,A0A803KBU3
GeneID:100487769,LOC100487769,LOC101730495,A0A803KC03
GeneID:733728,LOC733728,XB5893022,A0A803KCB5
GeneID:100127872,LOC100127872,XB5818974,A0A6I8Q9S6
GeneID:100494183,trpv4l.4,trpv4l.1,A0A6I8SB12
GeneID:100170443,btn2a1,LOC105945166,A0A803KBJ6
GeneID:116410490,smim4,pbrm1,A0A803KBK6
GeneID:100127840,ect2,nebl,F6ZFC0
GeneID:779635,c3h17orf49,c17orf49,A0A8J0SA42
GeneID:100127872,LOC100127872,XB5818974,A9JTX0
GeneID:100489404,col7a1,ankle1,F6TWI0
GeneID:100485388,pcdh17,eef1d,F6ZDL3
GeneID:100158595,LOC100158595,LOC101734255,F7A7X3
GeneID:101732372,LOC101732372,xa-1,A0A1B8XZQ8
GeneID:549363,c6h1orf35,c1orf35,A0A6I8QYH5
GeneID:100216173,LOC100216173,XB5997770,B5DDW9
GeneID:496968,ctrb2,caskin1,Q5I029
GeneID:100493287,hycc2,fam126b,A0A6I8PWA7
GeneID:100486512,ttll12,srpx,F6SR03
GeneID:100038219,arvcf,chchd5,F6T2M6
GeneID:100489925,pex14,trim29,F6TTV8
GeneID:779570,braf,rxfp3,F6V946
GeneID:100124723,mpp2,uqcr11,F7A2V2
GeneID:100488265,col11a2,col11a2p1,A0A803JM73
GeneID:100485638,ttc39al,LOC100485638,A0A8J1JBP8
GeneID:733858,LOC733858,XB5954440,Q08D67
GeneID:100485377,c7h10orf53,c10orf53,A0A6I8SNB4
GeneID:101734878,LOC101734878,LOC108645664,A0A803JKX7
GeneID:100125092,LOC100125092,XB5817455,A4IIZ3
GeneID:447989,clic3,ntng2,F6V5M0
GeneID:100486298,bcan,pam,F7ATS6
GeneID:100125094,sec63,usp1,F7CZX0
GeneID:100498255,KIAA0825,kiaa0825,A0A6I8SLM0
GeneID:394609,mob2,mob2.1,A0A8J0SB64
GeneID:780372,klhl22,cdkl5,F6QJ00
GeneID:100170483,nfkbiz,asap2,B3DLC6
GeneID:100145291,esyt2,ncapg2,A0A6I8QG14
GeneID:100496293,LOC100496293,LOC105946018,A0A6I8SM89
GeneID:100489308,lhx3,qsox2,A0A803JMR6
GeneID:100379673,ankrd26,ankrd7,A0A8J1JAD6
GeneID:100125120,prpf39,prpf39.1,Q08BT3
GeneID:779856,MGC147242,mgc147242,Q0V9E1
GeneID:100489067,LOC100489067,nploc4,A0A6I8QGD9
GeneID:101734579,LOC101734579,bix1.2,A0A803JMB5
GeneID:100379673,ankrd26,ankrd7,A0A8J1JAE0
GeneID:394505,slc5a8,slc5a8.1,A0A8J1JAE8
GeneID:100170454,c2h21orf91,c21orf91,B3DL45
GeneID:100135367,LOC100135367,XB941699,B7ZU46
GeneID:100492173,LOC100492173,fndc3a,F7A3Q1
GeneID:100497692,map3k5,tbc1d4,F7A415
GeneID:100380061,fam53c,hjv,F7B703
GeneID:100493226,ptger2,trap1,F7B760
GeneID:779807,MGC146443,mgc146443,Q0V9P2
GeneID:100379673,ankrd26,ankrd7,A0A8J1JDW7
GeneID:105947725,LOC105947725,LOC116406463,F7D9V7
GeneID:549512,cep43,fgfr1op,A0A8J0SE77
GeneID:100498547,stat3.2,stat3.1,A0A6I8RHV0
GeneID:100490177,cfap54,c12orf63,A0A8J1JDL6
GeneID:101730963,LOC101730963,a2ml1,F6RHX3
GeneID:549116,c1h4orf33,c4orf33.1,A0A8J1JCU2
GeneID:100379673,ankrd26,ankrd7,A0A8J1JCV5
GeneID:100170549,LOC100170549,XB5969698,B3DLV1
GeneID:100145719,hal.1,hal.2,B3DM33
GeneID:100170619,c3h12orf40,frk,B3DM74
GeneID:100495041,LOC100495041,h2bc12,Q6AZK7
GeneID:100498006,LOC100498006,LOC116407692,A0A6I8QDG9
GeneID:101732679,LOC101732679,LOC105945166,A0A803JKI7
GeneID:100498204,znf585bl,LOC100498204,A0A8J1JD91
GeneID:550017,slc66a2,slc66a2.1,F6U1S2
GeneID:100036598,mllt10,slc37a3,F6WYY6
GeneID:100145450,LOC100145450,MGC115716,A0A6I8SJS8
GeneID:100488155,paics,paics.1,A0A8J0SCV8
GeneID:100492752,ints5,ganab,F6V4C4
GeneID:493240,c3h12orf4,c12orf4,A0A803KKD7
GeneID:116412396,LOC116412396,LOC116412438,F6VVN4
GeneID:780329,dzip1l,ckb,F7D831
GeneID:100170560,LOC100170560,XB964897,A0A803KKQ6
GeneID:100492422,ttll13,ttll13p,A0A8J0SGE0
GeneID:100127554,c3h2orf42,c2orf42,A0A8J0SGE6
GeneID:100498450,LOC100498450,ago2,F7CWA8
GeneID:100486278,mafg,pycr1,A0A6I8RFN3
GeneID:101731637,LOC101731637,LOC105948124,A0A803JGR6
GeneID:779678,ehd3,ehd1,A0A803KK98
GeneID:100170467,KIAA1958,kiaa1958,A0A8J0SFM9
GeneID:733509,c2h1orf109,c1orf109,A0A8J0SFY2
GeneID:100135163,banf2,baf-l,A9UL77
GeneID:780086,MGC147226,mgc147226,A0A803KJV4
GeneID:448216,LOC448216,ctsk,A0A803KKA8
GeneID:100135231,LOC100135231,XB5872520,A9ULQ3
GeneID:100485207,vtga2,LOC100494633,F6W4K0
GeneID:100127593,rsbn1,phtf1,F7D8V7
GeneID:100494286,KIAA0319l,kiaa0319l,A0A8J0SF85
GeneID:100379842,guca1bl,LOC100379842,A0A8J1JEQ1
GeneID:548404,chia,usp49,F6RI40
GeneID:780260,adcyap1r1,chadl,A0A1B8YA01
GeneID:496895,myoz2,baf-l,A0A803KL58
GeneID:100495429,LOC100495429,aox1,A0A803KLB9
GeneID:595085,serpina3m,serpina3k,A0A803KIA9
GeneID:549016,c1h9orf72,c9orf72,A4IGL2
GeneID:448685,rbm6,scml4,Q6DEQ5
GeneID:496505,c6h5orf22,c5orf22,A0A6I8RDF9
GeneID:100379673,ankrd26,ankrd7,A0A8J0SII8
GeneID:100486876,LOC100486876,XB5749398,F6W2V0
GeneID:100036664,meis2,nipa1,F7BQW5
GeneID:448278,c4h19orf12,c19orf12,A0A8J0SI48
GeneID:496431,c2h1orf74,c1orf74,F6RE54
GeneID:101732116,LOC101732116,rbpms2,F7AMW9
GeneID:100489773,LOC100489773,XB5826631,A0A6I8RE69
GeneID:100037837,myof,myof.1,A0A8J0SHI0
GeneID:779953,zfyve28a,zfyve28,A0A8J1JI79
GeneID:100170465,bltp3b,uhrf1bp1l,A0A6I8RCB4
GeneID:100496212,KIAA1217,kiaa1217,A0A8J0SHD2
GeneID:100487567,ppm1k,ptpn2,F6VS14
GeneID:100485106,kcnk13,tdp1,F7CV21
GeneID:116411062,LOC116411062,bix1.2,A0A6I8SFJ1
GeneID:100124977,c6h18orf21,c18orf21,A0A803JGG8
GeneID:493240,c3h12orf4,c12orf4,A0A8J0SH09
GeneID:496786,slc25a39,pgs1,A4IIA1
GeneID:100038053,prkacb,rad18,F6UP78
GeneID:100124905,gck,smpd3,A4IHW0
GeneID:100497990,LOC100497990,dennd4a,F7DXC8
GeneID:100490352,col6a1,col6a2,F7E9E4
GeneID:100145417,KIAA1191,kiaa1191,A0A8J0SGJ3
GeneID:100170590,dact4,LOC100170590,A0A8J1JGH8
GeneID:100145759,mettl22,abat,F6X6L6
GeneID:100490368,mid1l2,LOC101734035,F7DXR6
